hash_id,postal_code,company,location,notice_date,effective_date,jobs,is_temporary,is_closure,is_amendment
3ab5509d7b266bcb60915c1ca45cc4b3e5181e1490f406f4435e8f84,IA,"Insane Impact, LLC",Des Moines,2025-11-10,2025-12-17,90,,True,False
8fbd4ca033bed3927ece368f354c3a7ed5345d7d7a456b3ca5d94e2d,MD,Kroger Fulfillment Network LLC,"7106 Geoffrey Way Frederick, MD 21704",2025-11-24,2026-02-01,83,,,False
5f3a7fadfb380d667a50689cfc3876b86a97f39f1fafd4a45aeee891,MD,Shoppers Food Warehouse Corp.,"Shoppers College Park 4720 Cherry Hill Road College Park, MD 20740",2025-11-14,2025-11-08,58,,,False
9f946f9aaedc994645f623a03daade49d419a8aa8cdbca48bdd8b984,MD,Shoppers Food Warehouse Corp.,"Shoppers Coral Hills 4801 Marlboro Pike Capitol Heights, MD 20743",2025-11-14,2025-11-08,22,,,False
270bc06be642ba3b41251577f427fd11a50d99fbea28adf48d4f20a8,MD,Shoppers Food Warehouse Corp.,"Shoppers Germantown 18066 Mateny Road Germantown, MD 20874",2025-11-14,2025-11-08,59,,,False
950465898d16ebb8354ec2805ee74d7a50167c37e8c2f1a953a43034,MD,Shoppers Food Warehouse Corp.,"Shoppers Laurel Contee 13600 Baltimore Ave, #100 Laurel, MD 20707",2025-11-14,2025-11-08,46,,,False
d711883c81db423def0f2214aea23d7fc4c16e4410afa5723003a086,WA,Verizon,Various locations in Washington,2026-01-23,2026-01-23,165,False,False,False
82bf46710d194720734819572acd08e64495daf098a6c09c58ce8986,WA,Providence Health & Services,Various locations in Washington,2026-01-20,2026-01-20,57,False,False,False
