Received Sort descending,Title,Industry,Location(s),County,Region,Type,Layoff date(s),# affected,Notes
01/07/2025,The TimKen Company,Manufacturing,Springfield,Greene,Southwest,Layoff,03/21/2025 09/30/2025,97,
01/14/2025,Jack Cooper,Automotive Manufacturing,Liberty,Clay,Kansas City & Vicinity,Closing,02/02/2025,406,
01/15/2025,"Roi CPS, LLC",Supply Chain Management,Republic,Greene,Springfield Area,Closing,01/15/2025,109,
01/27/2025,Eaton Bussman,Manufacturing,Ellisville,St. Louis (county),St. Louis County,Layoff,04/30/2025 06/30/2025,57,
01/30/2025,Hollister,Healthcare,Kirksville,Adair,Northeast,Closing,03/31/2025,1,
01/31/2025,International Institute St. Louis,,St. Louis (city)Springfield,,,Layoff,02/01/2025,91,"Layoff is temporary, but return-to-work date has not been announced"
02/04/2025,Royal Canin North America,Food Processing / Manufacturing,Rolla,Phelps,Southeast,Closing,04/18/2025 12/31/2025,105,85 workers April 18; 20 workers December 31
02/10/2025,True Value Company,Hardware Stores,Kansas City,Jackson,Kansas City,Closing,04/08/2025,50,
02/10/2025,Fontbonne University,Education,St. Louis (city),St. Louis (county),St. Louis,Closing,04/01/2025,80,"Lay off start: April 1 – September 1, 2025"
02/11/2025,Jack Cooper,Transportation,Wentzville,St. Charles,St. Louis & vicinity,Closing,02/08/2025,239,
02/13/2025,International Paper Company,Paper and Allied Products,St. Louis (city),St. Louis (county),St. Louis,Closing,04/14/2025,72,
02/28/2025,Legacy Pharmaceuticals Solutions,Manufacturing,Earth City,St. Louis (county),St. Louis & vicinity,Closing,05/04/2025,77,
03/24/2025,Student Transportation of America,Transportation,Columbia,Boone,Central,Loss of Contract,05/29/2025,212,
03/24/2025,Sodexo,Food Service,Jefferson City,Cole,Central,Loss of Contract,04/30/2025,63,
03/25/2025,Hogan Services,Logistics / Delivery Services,St. Louis (city),,St. Louis & vicinity,Layoff,06/06/2025,53,
03/27/2025,"Block, Inc",Software Publisher,,,Statewide,Layoff,05/24/2025,67,Statewide - Remote
04/07/2025,US Cellular,Call Center,,,Multiple Locations,Closing,06/02/2025,,
04/07/2025,Spectrum Healthcare Resources,Healthcare,St. Louis (city),,St. Louis,Loss of Contract,05/29/2025,280,
04/22/2025,Broadridge Financial Solutions,Financial Services,Kansas City,Jackson,Kansas City,Closing,06/20/2025,72,
04/28/2025,"Accelerate 360 Distribution, LLC",Logistics,,,Statewide,Layoff,06/28/2025,22,
04/29/2025,"SP Plus, LLA, A Metropolis Company",Transportation,St. Louis (city),,St. Louis,Loss of Contract,07/01/2025,130,
04/30/2025,Penske Logistics LLC,Logistics,Kinloch,St. Louis (county),St. Louis County,Loss of Contract,07/15/2025,337,
04/30/2025,Briggs & Stratton – Billy Goat Facilities,Automotive Manufacturing,Lee’s Summit,Jackson,Kansas City & Vicinity,Closing,07/02/2025,90,
05/05/2025,First Student,Transportation,HoldenSt. Louis (city),Johnson,Multiple Locations,Layoff,06/30/2025,257,St Louis: 218; Holden: 39
06/18/2025,Pharma Tech Industries,Pharmaceutical Manufacturing,Union,Franklin,St. Louis & vicinity,Closing,08/18/2025 09/19/2025 10/16/2025 10/31/2025,84,
06/20/2025,Cenlar,Financial Services,O'Fallon,St. Charles,St. Charles County,Closing,07/22/2025,93,
06/23/2025,Nordstrom,Clothing Distribution,St. Louis (city),,St. Louis,Closing,08/24/2025,135,
06/30/2025,St. Luke’s Episcopal - Presbyterian Hospital,Healthcare,St. Louis (city),,St. Louis,Closing,08/22/2025,336,
07/01/2025,Priority Yard & Train,Logistics,Kansas City,Jackson,Kansas City,Layoff,08/31/2025,75,
07/01/2025,Hollister,Healthcare,Kirksville,Adair,Northeast,Closing,08/29/2025,7,
07/03/2025,"ImageFIRST Healthcare Laundry Specialists, LLC",Healthcare,St. Louis (city),,St. Louis,Loss of Contract,09/08/2025 09/29/2025 10/27/2025 11/24/2025 12/31/2025,92,
07/10/2025,"Panera, LLC",Food Service,St. Louis (city),,St. Louis,Closing,09/10/2025 09/12/2025,72,
07/17/2025,Home Depot,Hardware Stores,Mexico,Audrain,Central,Closing,10/26/2025,61,
07/30/2025,Hollister,Healthcare,Kirksville,Adair,63501,Closing,09/29/2025,3,
08/01/2025,St Louis Post Dispatch,Newspaper Publisher,Maryland Heights,St. Louis (county),St. Louis & vicinity,Closing,09/26/2025 12/26/2025,4,
08/04/2025,Hollister,Healthcare,Kirksville,Adair,Northeast,Closing,09/26/2025 10/10/2025,11,
08/12/2025,"Block, Inc",Software Publisher,St. Louis (city),,St. Louis,Layoff,08/13/2025,23,
08/28/2025,Hollister,Healthcare,Kirksville,Adair,Northeast,Closing,10/29/2025 11/12/2025,28,Layoff date from 10/29/2025-11/12/2025
09/02/2025,"Larken Logistics, LLC",Transportation,FentonRiverside,Platte,Multiple Locations,Closing,09/02/2025,118,Fenton: 66; Riverside: 52
09/26/2025,United BioSource LLC,Research,Kansas City,Jackson,Kansas City & Vicinity,Closing,11/26/2025,123,
09/29/2025,Chase Smiles Logistics,Delivery Services,Hazelwood,St. Louis (county),St. Louis County,Loss of Contract,09/15/2025,77,
10/03/2025,Hollister,Healthcare,Kirksville,Adair,Northeast,Closing,11/28/2025 12/12/2025,5,Layoff date from 11/28/2025-12/12/2025
10/31/2025,"Lawn and Garden, LLC",Manufacturing,Excelsior Springs,Clay,Kansas City & Vicinity,Layoff,01/30/2026,93,
11/11/2025,St Louis Post Dispatch,Newspaper Publisher,Maryland Heights,St. Louis (county),St. Louis County,Closing,02/28/2026,3,
11/13/2025,Home Care Delivered,Healthcare,,,Statewide,Layoff,12/10/2025,1,Remote
11/19/2025,Hollister,Healthcare,Kirksville,Adair,Northeast,Closing,01/14/2026 01/28/2026,7,Lay off start: 1/14/26-1/28/26
11/19/2025,Nordstrom Credit Operations/Nordstrom Credit Bank,Financial Services,,,Statewide,Layoff,11/19/2025,1,Remote - Statewide
12/04/2025,Simmons Animal Nutrition,Food Processing / Manufacturing,Milan,Sullivan,Northwest,Closing,01/31/2026,151,
01/10/2024,Tyson Foods,Poultry Processing,Dexter,Stoddard,Southeast,Closing,03/01/2024,3,
01/11/2024,"Marsden Services, LLC",Facilities Services/Janitorial,St. Peters,St. Charles,St. Charles County,Loss of Contract,02/20/2024,93,
01/30/2024,"Block, Inc.",Software Publisher,,,Statewide,Layoff,03/30/2024,32,
01/31/2024,Winland Foods,Food Processing / Manufacturing,St. Louis (city),St. Louis (county),St. Louis,Closing,03/31/2024,80,
02/02/2024,Oracle,Information Technology,Springfield,Greene,Ozark,Layoff,04/01/2024,124,
02/07/2024,Henkel,Manufacturing,St. Louis (city),St. Louis (county),St. Louis & vicinity,Layoff,02/07/2024,102,
02/21/2024,"Ingram Micro, Inc.",Information Technology,O'Fallon,St. Charles,,Closing,02/23/2024 04/26/2024 06/28/2024,60,
02/26/2024,Missouri Prime Beef Packers,Meat Processing,Pleasant Hope,Polk,Southwest,Closing,04/26/2024,335,
03/04/2024,"Cygnus Home Service, LLC, d/b/a/ Yelloh",Direct Food Sales,RollaSikeston,,,Layoff,05/03/2024,10,"6 in Rolla, 4 in Sikeston"
03/25/2024 04/03/2024 rev,Student Transportation of America,Transportation,Kansas City,Jackson,Kansas City & Vicinity,Layoff,05/29/2024,149,Layoff date has been updated - 04/03/2024
03/25/2024,Missouri Central School Bus (MCSB),Transportation,St. Louis (city),St. Louis (county),St. Louis & vicinity,Layoff,06/30/2024,332,
04/03/2024,"Block, Inc.",Software Publisher,,,Statewide,Layoff,06/03/2024,14,
04/30/2024,First Student,Transportation,Jefferson City,Cole,Central,Layoff,06/30/2024,105,
05/06/2024,"Equilibrium Homes of St. Louis, LLC",Healthcare,St. Louis (city),St. Louis (county),St. Louis & vicinity,Layoff,05/01/2024,182,
05/20/2024,"Regency Enterprises Services, LLC",Property Maintenance,St. Louis (city),St. Louis (county),St. Louis & vicinity,Layoff,08/31/2024,183,
05/30/2024,"Cygnus Home Service, LLC, d/b/a/ Yelloh",Direct Sales,CarthageColumbiaO'FallonRepublicSedalia,,,Layoff,07/27/2024,44,
06/03/2024,Oregon Tool,Manufacturing,Kansas City,Jackson,Kansas City & Vicinity,Layoff,08/02/2024,80,
06/18/2024,"Cherokee Nation Federal Consulting, LLC",Management Consulting Services,Kansas City,Jackson,Kansas City & Vicinity,Layoff,06/30/2024,187,
06/25/2024,The Cheesecake Factory,Restaurant,Chesterfield,St. Louis (county),St. Louis County,Closing,08/18/2024,101,
07/01/2024,OTSCON,Restaurant,Columbia,Boone,Central,Closing,10/31/2024,160,
08/05/2024,Omega Healthcare,Healthcare,Oak GroveFlorissant,,Statewide,Layoff,09/30/2024,2,
08/05/2024,Southern Glazers,Wine and Distilled Alcoholic Beverage Merchant Wholesaler,St. Charles,St. Charles,St. Charles County,Layoff,11/01/2024,94,
09/13/2024,Adient,Automotive Manufacturing,Riverside,Platte,Kansas City & Vicinity,Layoff,11/11/2024 01/06/2025,172,
09/13/2024,Signature Psychiatric Hospital,Healthcare,North Kansas CityLiberty,Clay,Kansas City & Vicinity,Closing,11/11/2024,154,
09/17/2024,Yanfeng,Automotive Manufacturing,Riverside,Platte,Kansas City & Vicinity,Layoff,11/15/2024,444,
09/25/2024,"Cygnus Home Service, LLC, d/b/a Yelloh",Mobile Food Services,FentonO'FallonRaymore,,,Layoff,11/22/2024,32,
10/02/2024,Kaleo,Pharmaceutical Manufacturing,,,Statewide,Layoff,10/02/2024,2,
10/11/2024,Owens & Minor,Surgical/Medical Instrument Manufacturing,Kansas City,Clay,Kansas City & Vicinity,Closing,12/13/2024,67,
10/16/2024,Output Services Group,Commercial Printing,Earth City,St. Louis (county),St. Louis & vicinity,Closing,12/31/2024,79,
10/21/2024,"True Value, Kansas City",Hardware Stores,Kansas City,Jackson,Kansas City & Vicinity,Closing,12/14/2024,69,
10/21/2024,GEHA,Health and Medical Insurance Carrier,Lee’s Summit,Jackson,Kansas City & Vicinity,Layoff,12/31/2024 03/24/2025,453,
10/21/2024,International Paper,Paper and Allied Products,Kansas City,Jackson,Kansas City & Vicinity,Closing,12/17/2024,132,
10/30/2024 01/27/2025 rev,St. Louis Post Dispatch,Newspaper Publisher,Maryland Heights,St. Louis (county),St. Louis & vicinity,Closing,01/05/2025 03/31/2025,75,"This WARN Notice originally affected 73 employees, but has been updated to include an additional two."
10/31/2024,"Sodecia Automotive Kansas City, LLC",Motor Vehicle Parts Manufacturing,Kansas City,Jackson,Kansas City & Vicinity,Layoff,12/30/2024,111,Temporary Layoff. Return to work 7/1/2025.
11/18/2024,Martinrea,Motor Vehicle Parts Manufacturing,Riverside,Platte,Kansas City & Vicinity,Layoff,12/06/2024 01/17/2025,144,
11/20/2024,The Boeing Company,Aerospace Product/Parts Manufacturing,BerkeleyHazelwoodKansas CityKingsvilleMaryland HeightsO'FallonSt. CharlesSt. Louis (city)St. Ann,,,Layoff,01/07/2025,692,
11/22/2024,Gate Gourmet,Food Service,Berkeley,St. Louis (county),St. Louis & vicinity,Layoff,01/15/2025,102,
11/25/2024,Hollister,Surgical/Medical Instrument Manufacturing,Kirksville,Adair,Northeast,Layoff,02/01/2025,3,Further layoffs to come
12/03/2024,Silgan Plastics,Manufacturing,Hazelwood,St. Louis (county),St. Louis & vicinity,Closing,02/07/2025,33,
12/20/2024 12/27/2024 rev,"Vimo, Inc. dba GetInsured",Insurance Agencies and Brokerages,JacksonCape GirardeauSt. Louis (city),,,Layoff,02/19/2025,4,"Layoffs will impact 430 US employees, including 4 employees based in Missouri"
01/17/2023,North America Savings Bank,Financial Services,CottlevilleGarden CityLawsonLexingtonOzarkPeculiarRollaSpringfieldWaverlyWentzville,,,Layoff,03/07/2023,85,
01/24/2023,HealthHelp,Healthcare,Independence,Jackson,Kansas City & Vicinity,Closing,03/24/2023,1,
02/23/2023,Christian Horizon Living LLC,Healthcare,Joplin,Jasper,Southwest,Closing,04/22/2023,63,
03/07/2023,"CHEP Services, LLC",Logistics,Kansas City,Jackson,Kansas City & Vicinity,Loss of Contract,05/02/2023,100,
03/16/2023,Bon Appetit Management Company,Food Service,St. Louis (city),St. Louis (county),St. Louis & vicinity,Loss of Contract,05/18/2023,342,
03/23/2023,DHL eCommerce,Logistics,St. Louis (city),St. Louis (county),St. Louis & vicinity,Closing,06/03/2023,75,
03/27/2023,Orscheln / Tractor Supply,Retail,Moberly,Randolph,Northeast,Closing,05/21/2023,122,
03/31/2023,Aspiration,Information Technology,BallwinSt. PetersMaryland Heights,St. Louis (county),St. Louis & vicinity,Company Restructure,05/26/2023,4,
03/31/2023,Cardinal Health,Manufacturing,Moberly,Randolph,Northeast,Closing,05/31/2023,131,
04/17/2023,David's Bridal,Retail,St. PetersBlue SpringsSpringfieldSunset HillsKansas CityColumbia,,Statewide,Closing,06/12/2023,,
05/02/2023,Salt & Smoke,Food Service,St. CharlesSt. Louis (city),,St. Louis & vicinity,Company Restructure,06/28/2023,,
05/05/2023,Revere Plastics Systems LLC,Manufacturing,Poplar Bluff,Butler,South Central,Closing,07/02/2023,79,
05/11/2023,Deluxe Corporation,Corporate Services,Maryville,Nodaway,Northwest,Closing,07/28/2023,57,
05/24/2023,MPW Industrial Services,Maintenance Services,Claycomo,Clay,Kansas City & Vicinity,Loss of Contract,06/15/2023,84,Return to work 06/16/23 with new contractor
05/24/2023,"EDP Enterprises, INC",Food Service,Fort Leonard Wood,Pulaski,Central,Loss of Contract,06/15/2023,948,
06/02/2023,Windsor Estates,Healthcare,St. Charles,St. Charles,St. Louis & vicinity,Closing,07/31/2023,85,
06/15/2023,Bitwise Industries,Information Technology,Kansas City,Jackson,Kansas City & Vicinity,Layoff,06/14/2023,1,
06/23/2023,GKN Aerospace,Aerospace Product/Parts Manufacturing,Hazelwood,St. Louis (county),St. Louis,Closing,08/25/2023 10/06/2023 12/31/2024,715,
07/13/2023,PBS Radiology,Healthcare,Kansas CityHigh Ridge,Jackson,Jefferson/Franklin Consortium,Layoff,09/06/2023,2,
07/14/2023,WestRock Company,Manufacturing,St. Louis (city),St. Louis (county),St. Louis & vicinity,Closing,09/15/2023,52,
07/24/2023,Soft Surroundings,Clothing Distribution,Mexico,Audrain,Central,Closing,09/01/2023,80,
08/04/2023,Smithfield Foods,Meat Processing,LucernePrincetonNewtown,Sullivan,Northwest,Closing,10/08/2023,92,
08/08/2023,Tyson Foods,Poultry Processing,Noel,McDonald,Southwest,Closing,10/20/2023,1513,
08/08/2023,Tyson Foods,Poultry Processing,Dexter,Stoddard,Southeast,Closing,10/13/2023,683,
08/09/2023,South City Hospital,Healthcare,St. Louis (city),St. Louis (county),St. Louis & vicinity,Closing,08/03/2023,563,
09/12/2023,Divvy Homes,Real Estate,,,,Company Restructure,11/07/2023,1,
09/25/2023,Soft Surroundings,Clothing Distribution,St. Louis (city),St. Louis (county),St. Louis & vicinity,Closing,11/18/2023,181,
10/03/2023,First Savings Bank,Financial Services,Liberty,Clay,Kansas City & Vicinity,Layoff,11/30/2023,1,Remote worker
10/10/2023,"Propak Logistics, LLC",Warehouse Logistics,Jackson,Cape Girardeau,Southeast,Closing,12/08/2023,93,
10/19/2023,CareFusion Corporation,Surgical/Medical Instrument Manufacturing,St. Louis (city),St. Louis (county),St. Louis & vicinity,Layoff,12/18/2023,148,
11/07/2023,Multi-Color Corporation,Commercial Printing,St. Louis (city),St. Louis (county),St. Louis & vicinity,Closing,12/31/2023,44,"Date is TBD, so input date was made 12-31-2023"
11/09/2023,Yelloh!,Food Service,Parkville,Platte,Kansas City & Vicinity,Closing,12/05/2023,1,
11/16/2023,Next Gen Healthcare,Healthcare,St. Louis (city),St. Louis (county),St. Louis & vicinity,Layoff,01/16/2024,84,
12/04/2023,FSC Edge,Information Technology,Kansas City,Jackson,Kansas City,Closing,12/01/2023,2,
12/04/2023,Matheson Flight Extenders,Logistics,Kansas City,Platte,Kansas City & Vicinity,Closing,01/31/2024,40,
12/05/2023,PSSI,Sanitation Services,Milan,Sullivan,Northwest,Loss of Contract,12/05/2023,68,
12/08/2023,"SPS Ventures, Inc.",Logistics / Delivery Services,Maryland Heights,St. Louis (county),St. Louis & vicinity,Layoff,02/03/2024,152,
01/10/2022,"Nestle Regional GLOBE Office North America, INC (NRGONA)",Manufacturing,St. Louis (city),St. Louis (county),St. Louis,Layoff,03/18/2022,138
01/28/2022,"Premier Glass USA, LLC",Manufacturing,Park Hills,St. Francois,Southeast,Closing,03/31/2022,243
04/01/2022,Noble Health - Callaway Community Hospital,Healthcare,Fulton,Callaway,Central,Furlough,04/01/2022,68
04/08/2022,Noble Health - Audrain Community Hospital,Healthcare,Mexico,Audrain,Central,Furlough,04/01/2022,113
05/17/2022,StarTek,Call Center,Farmington,St. Francois,Southeast,Layoff,05/29/2022,472
05/20/2022,Pretium Packaging LLC,Manufacturing,Hermann,Gasconade,Central,Closing,05/20/2022,73
06/13/2022,Amentum PAE NBC,Business Services,Lee’s Summit,Jackson,Kansas City & Vicinity,Loss of Contract,08/13/2022,537
08/23/2022,CDI Head Start,Education,Clinton,Henry,West Central,Loss of Contract,09/30/2022,66
12/28/2022 05/12/2023 rev,Allied Healthcare Products,Manufacturing,St. Louis (city),St. Louis (county),St. Louis & vicinity,Closing,02/21/2023 07/08/2023,160
12/30/2022,HMS Host - Kansas City,Food Service,Kansas City,Platte,Kansas City & Vicinity,Loss of Contract,02/27/2023,170
01/14/2021,Wyndham Vacation Ownership,Travel - Vacation Rental,Branson,Taney,Branson & vicinity,Layoff,01/08/2021,12,
01/21/2021,ABM Aviation,,St. Louis (city),,St. Louis & vicinity,Layoff,02/28/2021,85,
02/08/2021,American Airlines,Travel - Airline,St. Louis (city),St. Louis (county),,Layoff,04/01/2021,1173,
02/16/2021,Graham Packaging,Manufacturing,North Kansas City,Clay,,Layoff,06/03/2021,67,
02/23/2021,Great Circle,Residential Treatment,Webster Groves,,,Layoff,05/01/2021,117,
03/04/2021,Pomeroy,,,,,Closing,04/30/2021,16,
03/16/2021,National Express LLC DBA Durham School Services,Transportation,Wright City,Warren,,Layoff,07/14/2021,47,
03/31/2021 10/04/2021 rev,Pacific Architects and Engineers (PAE)Updated 10/4/2021,Government Services Contractor,Lee’s Summit,Warren,,Layoff,05/31/2021 11/30/2021,521,
04/16/2021,"ABM Industry Groups, LLC WARN notice 04/2021",Facilities Services/Janitorial,St. Louis (city),St. Louis (county),,Layoff,05/31/2021,100,
04/28/2021,Ascension Technologies,Healthcare IT Services,St. Louis (city),St. Louis (county),,Layoff,08/08/2021,651,
05/05/2021,Masonite Corporation,Manufacturing,Springfield,Greene,,Layoff,07/02/2021,63,
05/11/2021,Associated Couriers,Delivery Services,Hazelwood,St. Louis (county),,Layoff,07/09/2021,67,
06/03/2021,Leadec Corp.,Manufacturing Services Support,Wentzville,St. Charles,St. Charles County,Layoff,08/01/2021,146,
06/22/2021 09/14/2021 rev,Adient,Automotive Manufacturing,Riverside,Platte,,Layoff,02/05/2021,213,
06/30/2021,"Yanfeng USA Automotive Trim Systems, Inc",Automotive Manufacturing,Riverside,Platte,,Layoff,02/08/2021,427,
07/15/2021,TIMET,Metal Processing,Wentzville,St. Charles,St. Charles County,Layoff,09/14/2021,42,
07/21/2021,Nesher Pharmaceutical,Pharmaceutical Production,Maryland HeightsBridgeton,St. Louis (county),,Layoff,08/20/2021,111,
07/29/2021,Rise Baking,Bakery,Mexico,Audrain,,Layoff,09/30/2021,124,
09/15/2021,Ascension Technologies,Healthcare Information Technology Services,St. Louis (city),St. Louis (county),,Layoff,11/19/2021,18,330 remote workers (18 located in Missouri)
10/01/2021,PAE - Overland Park,Government Contractor,"Overland Park, KS",,,Layoff,11/30/2021,12,
10/04/2021,Challenge Manufacturing Company,Automotive Manufacturing,Bridgeton,St. Louis (county),,Layoff,12/01/2021,52,
11/03/2021,American Botanicals,Nature and Organic Materials Manufacturing,Eolia,Pike,,Layoff,01/05/2022,25,
01/15/2020 (updated 01/27/2020),Concentrix CVG Corporation (formerly Convergys),,Arnold,Jefferson County,Jefferson/Franklin Consortium,Closing,04/04/2020,168
02/28/2020,"FedEx Ground Package System, Inc. (Earth City)",,Earth City,St. Louis County,St. Louis County,Closing,05/02/2020,125
03/06/2020,Hy-Vee Fulfillment Center (Kansas City),,Kansas City,Jackson County,Kansas City & Vicinity,Closing,05/06/2020,583
03/16/2020,J W Aluminum Inc. (St. Louis),,St. Louis City,St. Louis City,SLATE,Closing,05/15/2020,185
03/17/2020,Major Custom Assemblies Inc.,,Hazelwood,St. Louis County,St. Louis County,Closing,03/13/2020,95
03/18/2020,"Schmidt Restaurant Group LLC d/b/a Salt + Smoke (St. Louis - 75, University City - 84 & St. Charles - 59)",,Multiple Locations,Multiple Locations,Multiple Locations,Layoff,03/23/2020,218
03/18/2020,Lidia's Kansas City LLC,,Kansas City,Jackson,Kansas City & Vicinity,Layoff,03/16/2020,94
03/19/2020,"Trans State Airlines, LLC",,Multiple Locations,Multiple Locations,Multiple Locations,Closing,04/02/2020,718
03/20/2020 (updated 05/14/2020),"Amcor Rigid Packaging USA, LLC",,Hazelwood,St. Louis County,St. Louis County,Closing,07/17/2020,93
03/23/2020 (updated 04/08/2020),Alamo Drafthouse Cinema - Springfield,,Springfield,Greene,Ozark,Layoff,03/16/2020,207
03/22/2020 (updated 05/22/2020),Aimbridge Hospitality - Hilton Branson Convention Center,,Branson,Taney,Ozark,Layoff,03/20/2020,127
03/23/2020 (updated 08/12/2020),"TEI (STLH), LLC (Four Seasons Hotel St. Louis)",,St. Louis,St. Louis,SLATE,Layoff,03/25/2020,368
03/25/2020,Schulte Companies and its affiliated companies including Schulte Hospitality Group (Various locations),,St. Louis area,St. Louis,St. Louis,Layoff,03/16/2020,229
03/26/2020,"PLE Enterprises, Inc. d/b/a Rolling Hills Auto Plaza (various locations)",,St. Joseph,Buchanon,Northwest,Layoff,03/23/2020,52
03/26/2020 (updated 10/16/2020),Crossroads Hotel - Kansas City (managed by Aparium Hospitality Services LTD),,Kansas City,Jackson,Kansas City & Vicinity,Layoff,03/17/2020,173
03/26/2020,Adams Mark Hotel & Conference Center - Kansas City,,Kansas City,Jackson,Kansas City & Vicinity,Layoff,03/17/2020,138
03/26/2020,"Alsco, Inc Linen & Uniform Rental Services - St. Louis",,St. Louis,St. Louis,SLATE,Layoff,03/25/2020,39
03/26/2020,Spartan Light Metal Products - Mexico,,Mexico,Audrain,Central,Layoff,03/26/2020,332
03/26/2020,Spartan Light Metal Products - Hannibal,,Hannibal,Marion,Northeast,Layoff,03/26/2020,72
03/30/2020,America's Auto Auction - Kansas City,,Kansas City,Platte,Kansas City & Vicinity,Layoff,03/17/2020,62
03/30/2020,Gaming Partners International,,Blue Springs,Jackson,Kansas City & Vicinity,Closing,05/26/2020,112
03/30/2020 (updated 07/15/2020),HGI - Mark Twain LLC,,LaGrange,Lewis,Northeast,Layoff,04/01/2020 - 4/6/2020,139
03/30/2020,Paper Source - St. Louis,,St. Louis,St. Louis,St. Louis County,Layoff,03/29/2020,13
03/30/2020,Paper Source - Kansas City,,Kansas City,Jackson,Kansas City & Vicinity,Layoff,03/29/2020,9
03/30/2020,Robinson Construction,,Bloomfield,Stoddard,Southeast,Layoff,03/27/2020,80
03/31/2020 (updated 05/14/2020),HGI - St. Jo LLC (St. Jo Frontier Casino),,St. Joseph,Buchanon,Northwest,Layoff,04/01/2020– 4/6/2020,150
03/31/2020,Rembrandt Enterprises,,Neosho,Newton,Southwest,Closing,06/01/2020,52
03/31/2020,Welk Resorts,,Branson,Taney,Ozark,Layoff,03/20/2020,94
03/31/2020,Rawlings Group,,Washington,Franklin,Jefferson/Franklin Consortium,Layoff,03/27/2020,130
03/31/2020,"AutoAlert, LLC",,Kansas City,Jackson,Kansas City & Vicinity,Layoff,03/26/2020,200
04/02/2020,Rawlings Group - St. Louis,,St. Louis,St. Louis,St. Louis,Layoff,04/03/2020,140
04/05/2020 (updated 07/15/2020),Justin Brands Facilities,,Cassville & Carthage,Barry & Jasper,Southwest,Closing,04/01/2020,321
04/05/2020,Justin Retail,,Monett (7) & Joplin (7),Barry & Jasper,Southwest,Layoff,04/01/2020,14
04/06/2020,"Legget & Platt, Branch One",,Carthage,Jasper,Southwest,Layoff,4/3/2020,422
04/06/2020,Red Wing Shoe Company,,Potosi,Washington,Central,Layoff,4/7/2020,198
04/06/2020,"Innkeeper Hospitality Services, LLC",,St. Louis,St. Louis,St. Louis & St. Louis County,Layoff,3/20/2020,136
04/06/2020,Wellbridge Athletic Club & Spa,,Clayton,St. Louis County,St. Louis County,Layoff,3/22/2020,213
04/07/2020,"Hooters of America, LLC (multiple locations)",,Multiple Locations,Multiple Locations,Multiple Locations,Layoff,03/20/2020,321
04/07/2020,Isle of Capri Casino Kansas City,,Kansas City,Jackson,Kansas City & Vicinity,Layoff,04/11/2020,209
04/07/2020,"Isle of Capri Casino Boonville d/b/a IOC-Boonville, Inc.",,Boonville,Cooper,Central,Layoff,04/11/2020,350
04/07/2020,Lumiere Place Casino and Hotels,,St. Louis City,St. Louis City,SLATE,Layoff,04/11/2020,646
04/08/2020,"Caleres, Inc.",,Clayton,St. Louis County,St. Louis County,Layoff,03/28/2020,368
04/08/2020,SuitSupply St. Louis Inc.,,St. Louis City,St. Louis City,SLATE,Layoff,03/29/2020,6
04/09/2020,Asbury Automotive Group - Audi Creve Coeur,,Creve Coeur,St. Louis County,St. Louis County,Layoff,04/03/2020,24
04/09/2020 (updated 05/05/2020),Asbury Automotive Group - Landrover Jaguar Creve Coeur,,Creve Coeur,St. Louis County,St. Louis County,Layoff,04/03/2020,43
04/09/2020,Asbury Automotive Group - Mercedes Benz O'Fallon,,O'Fallon,St. Louis County,St. Louis County,Layoff,04/03/2020,11
04/09/2020 (updated 05/05/2020),Asbury Automotive Group - Plaza BMW Creve Coeur,,Creve Coeur,St. Louis County,St. Louis County,Layoff,04/03/2020,39
04/09/2020 (updated 05/05/2020),Asbury Automotive Group - Plaza Infiniti Creve Coeur,,Creve Coeur,St. Louis County,St. Louis County,Layoff,04/03/2020,20
04/09/2020 (updated 05/05/2020),Asbury Automotive Group - Plaza Lexus Creve Coeur,,Creve Coeur,St. Louis County,St. Louis County,Layoff,04/03/2020,51
04/09/2020 (updated 05/05/2020),Asbury Automotive Group - Mercedes Benz/Smart Creve Coeur,,Creve Coeur,St. Louis County,St. Louis County,Layoff,04/03/2020,54
04/10/2020 (updated 09/04/2020),"Leonard’s Metal, Inc. d/b/a LMI Aerospace - Fountain Lakes",,St. Charles,St. Charles County,St. Charles County,Layoff,04/13/2020,140
04/10/2020,"Leonard’s Metal, Inc. d/b/a LMI Aerospace - Highway 94",,St. Charles,St. Charles County,St. Charles County,Layoff,04/13/2020,52
04/10/2020,"Ozark Mountain Technologies, LLC",,Cuba,Crawford,Central,Layoff,04/13/2020,87
04/10/2020,"Valent Aerostructures, LLC",,Washington,Franklin,Jefferson/Franklin Consortium,Layoff,04/13/2020,80
04/13/2020,Kansas City Area Transportation Authority,,Kansas City,Jackson,Kansas City & Vicinity,Layoff,04/13/2020,11
04/13/2020,Frontenac Property Owner LLC d/b/a Hilton St. Louis Frontenac Hotel,,Frontenac,St. Louis County,St. Louis County,Layoff,04/13/2020,128
04/14/2020,"Silver Dollar City Theme Park, Silver Dollar City Campground, the Showboat Branson Belle, and White Water",,Branson,Taney,Ozark,Layoff,04/20/2020,257
04/15/2020,Scholastic Book Fairs,,Fenton,St. Louis County,St. Louis County,Layoff,03/24/2020,111
04/16/2020,Marriott Kansas City Country Club Plaza,,Kansas City,Jackson,Kansas City & Vicinity,Layoff,04/30/2020,114
04/16/2020,RR Donnelley,,St. Louis City,St. Louis City,SLATE,Closing,04/16/2020,72
04/17/2020,"Avis Budget Car Rental, LLC and its subsidiaries",,Multiple Locations,St. Louis County,St. Louis County,Layoff,03/02/2020,163
04/17/2020,Black Bear Diner - St. Charles,,St. Charles,St. Charles County,St. Charles County,Layoff,04/09/2020,38
04/17/2020,Black Bear Diner - Independence,,Independence,Jackson,Kansas City & Vicinity,Layoff,04/09/2020,65
04/17/2020,"Guitar Center, Inc. (GTRC Services, Inc.)",,Kansas City,Clay,Kansas City & Vicinity,Layoff,04/10/2020,291
04/17/2020,"Pinnacle Healthcare System, Inc.",,Multiple Locations,Multiple Locations,Multiple Locations,Closing,04/10/2020,125
04/20/2020,Recovery Management Corporation d/b/a Cargo Largo,,Kansas City,Jackson,Kansas City & Vicinity,Layoff,04/13/2020,177
04/20/2020 (revised 12/10/2020),"Dura Automotive Systems, LLC",,Moberly,Randolph,Northeast,Layoff,05/01/2020,72
04/21/2020,"Greater KC LINC, INC - Caring Community Before and After School Program",,Kansas City,Jackson,Jackson,Layoff,05/01/2020,471
04/22/2020,Leggett & Platt Automotive,,Carthage,Jasper,Southwest,Layoff,03/23/2020,215
04/22/2020,Visionworks,,Multiple Locations,Multiple Locations,Multiple Locations,Layoff,04/04/2020,94
04/24/2020,"Dental Arts Laboratories, Inc.",,St. Louis,St. Louis County,St. Louis County,Layoff,04/09/2020,33
04/27/2020,Legget & Platt Wire Mill,,Carthage,Jasper,Southwest,Layoff,04/-9/2020,83
04/27/2020,"Great Plains Specialty Finance, Inc.",,Multiple Locations,Multiple Locations,Multiple Locations,Layoff,04/21/2020,12
04/27/2020,"EAN Services, LLC - St. Louis Contact Center d/b/a Enterprise",,St. Louis,St. Louis County,St. Louis County,Layoff,04/30/2020,820
04/27/2020,"OS Restaurant Services LLC (Blooming Brands, d/b/a: Bonefish, Carrabba’s, Flemings, & Outback)",,Multiple Locations,Multiple Locations,Multiple Locations,Layoff,03/15/2020,935
04/27/2020,"C.R. Metal Products, Inc.",,Creve Coeur,St. Louis County,St. Louis County,Layoff,04/22/2020,106
04/27/2020 (updated 06/30/2020),"EAN Services, LLC",,Multiple Locations,St. Louis County,St. Louis County,Layoff,04/30/2020,59
04/27/2020 (updated 06/23/2020),Enterprise Holdings - Contact Center,,Multiple Locations,St. Louis County,St. Louis County,Layoff,04/30/2020,366
04/27/2020 (updated 06/23/2020),Enterprise Holdings - Corporate,,Multiple Locations,St. Louis County,St. Louis County,Layoff,04/30/2020,377
04/27/2020,Enterprise Transport - Various,,Multiple Locations,St. Louis County,Multiple Locations,Layoff,03/23/2020,447
04/28/2020,Enterprise Holdings-Enterprise Rent A Car - KC,,Kansas City,Platte,Kansas City & Vicinity,Layoff,04/3/2020,56
04/28/2020,Enterprise Holdings - National and Alamo Rent A Car,,Kansas City,Platte,Kansas City & Vicinity,Layoff,04/30/2020,84
04/29/2020,Atrium Hospitality: Chateau on the Lake Resort Spa & Convention Center,,Branson,Taney,Ozark,Layoff,03/12/2020,115
05/01/2020,First Student - House Springs,,House Springs,Jefferson,Jefferson/Franklin Consortium,Closing,06/30/2020,127
05/08/2020,Cox Automotive - Bridgeton,,Bridgeton,St. Louis County,St. Louis County,Layoff,05/17/2020,141
05/08/2020,Cox Automotive - Kansas City,,Kansas City,Jackson,Kansas City & Vicinity,Layoff,05/17/2020,174
05/11/2020 (updated 07/01/2020),TriWest Healthcare Alliance,,Kansas City,Clay,Kansas City & Vicinity,Layoff,04/20/2020,191
05/11/2020,Atrium Hospitality - St. Charles Embassy Suites,,St. Charles,St. Charles,St. Charles County,Layoff,03/12/2020,87
05/11/2020,Atrium Hospitality - Springfield University Plaza,,Springfield,Greene,Ozark,Layoff,03/12/2020,112
05/12/2020,Leggett & Platt - Corporate Offices,,Carthage,Jasper,Southwest,Layoff,03/19/2020,200
05/18/2020,Atrium Hospitality - Jefferson City Capitol Plaza,,Jefferson City,Cole,Central,Layoff,03/12/2020,108
05/18/2020,Atrium Hospitality - Kansas City Embassy Suites,,Kansas City,Platte,Kansas City & Vicinity,Layoff,03/12/2020,92
05/19/2020 (updated 07/17/2020),Exide Technologies: Canon Hollow Facility,,Forest City,Holt,Northwest,Layoff,08/21/2020,84
05/19/2020,Kellwood Apparel,,Chesterfield,St. Louis County,St. Louis County,Layoff,04/01/2020,2
05/22/2020,21c Museum Hotel,,Kansas City,Jackson,Kansas City & Vicinity,Layoff,05/26/2020,18
05/22/2020,Ameristar Casino Resort Spa - St. Charles,,St. Charles,St. Charles County,St. Charles County,Layoff,07/01/2020,947
05/22/2020,Ameristar Casino Hotel - Kansas City,,Kansas City,Clay,Kansas City & Vicinity,Layoff,07/01/2020,578
05/22/2020,Mercy Hospital - Springfield,,Springfield,Greene,Ozark,Layoff,05/22/2020,696
05/22/2020,Mercy Hospital - St. Louis,,Multiple Locations,St. Louis County,St. Louis County,Layoff,05/22/2020,663
05/22/2020 (updated 09/29/2020),Pacific Architects and Engineers (PAE),,Lee's Summit,Jackson,Kansas City & Vicinity,Layoff,11/29/2020,697
05/26/2020,"Merritt Hospitality, LLC - Hilton KC Airport",,Kansas City,Platte,Kansas City & Vicinity,Layoff,05/27/2020,86
06/01/2020,Piramal Glass USA Inc.,,Park Hills,St. Francois,Southeast,Layoff,07/31/2020,165
06/04/2020 (updated 06/08/2020),"LM Services Corporation d/b/a: Hilton Garden Inn-O'Fallon, Hilton Garden Inn-Chesterfield, Hilton Garden Inn-St. Louis Airport, Hilton St. Louis at the Ballpark, Holiday Inn Forest Park, Homewood Suites by Hilton-Maryland Heights, Embassy Suites by Hilton St. Louis Airport, Doubletree by Hilton, Sheraton Westport, Union Station Hotel, The Cheshire, Boundary/Basso, Doubletree Hotel & Conference Center, Hilton St. Louis Airport, Hospitality Audio Visual, Crowne Plaza St. Louis Airport, Marriott St. Louis Airport",,Multiple Locations,Multiple Locations,Multiple Locations,Layoff,06/12/2020,"1,488"
06/04/2020 (updated 08/28/2020),Westin Crown Plaza Hotel Co. - Sheraton Kansas City Hotel at Crown Center & The Westin Kansas City at Crown Center,,Kansas City,Jackson,Kansas City & Vicinity,Layoff,03/21/2020,435
06/05/2020,The Ritz Carlton,,Clayton,St. Louis,St. Louis County,Layoff,03/21/2020,307
06/08/2020,Marriott International Inc. d/b/a Marriott St. Louis Grand,,St. Louis,St. Louis,SLATE,Layoff,03/21/2020,384
06/08/2020,Hyatt Corporation d/b/a Hyatt Regency St. Louis at the Arch,,St. Louis,St. Louis,SLATE,Layoff,03/24/2020,245
06/09/2020,LMI Aerospace,,St. Charles,St. Charles,St. Charles County,Layoff,06/22/2020,60
06/12/2020,"STL Gaming Ventures, LLC d/b/a Hollywood Casino St. Louis",,Maryland Heights,St. Louis,St. Louis County,Layoff,08/15/2020,616
06/12/2020 (Updated 07/10/2020),PNK River City d/b/a River City Casino and Hotel,,Lemay,St. Louis,St. Louis County,Layoff,08/15/2020,480
06/12/2020 (Updated 10/30/2020),"Kansas City Downtown Hotel Group, LLC - Marriott Downtown",,Kansas City,Jackson,Kansas City & Vicinity,Layoff,03/20/2020,280
06/15/2020,"Jacobsen Daniels Enterprises, LLC",,St. Louis,St. Louis,St. Louis County,Layoff,06/12/2020,1
06/16/2020 (Updated 07/07/2020),Argosy Casino Hotel and Spa,,Riverside,Platte,Kansas City & Vicinity,Layoff,08/15/2020,354
06/24/2020 (updated 10/30/2020),Cerner Corporation,,Multiple Locations,Multiple Locations,Kansas City & Vicinity,Layoff,08/25/2020,94
06/24/2020,Enterprise Holdings - IT,,Multiple Locations,Multiple Locations,Multiple Locations,Layoff,06/30/2020,23
06/24/2020,Levy,,St. Louis,St. Louis,SLATE,Layoff,08/01/2020,210
7/2/2020,Towne Suites Hotel,,Liberty,Clay,Kansas City & Vicinity,Layoff,06/30/2020,10
7/2/2020,Hampton Inn Hotel - Kansas City,,Kansas City,Clay,Kansas City & Vicinity,Layoff,06/30/2020,14
7/2/2020,Hampton Inn Hotel - St. Louis,,St. Louis (downtown),St. Louis,St. Louis City,Layoff,06/30/2020,24
7/2/2020,Hampton Inn Hotel - Forrest Park,,St. Louis (Forrest Park),St. Louis,St. Louis City,Layoff,06/30/2020,18
7/6/2020,"Delaware North, DBA: St. Louis Sportservice, Springfield Sportservice",,St. Louis & Springfield,St. Louis & Greene,"St. Louis City, St. Louis county, and Ozark Regions",Layoff,03/01/2020,"1,810"
7/7/2020,Compass Group,,Kansas City,"Clay, Jackson",Kansas City & Vicinity,Layoff,07/15/2020,67
07/17/2020 (updated 09/22/2020),"J. C. Penney Corporation, Inc.",,Independence,Jackson,Kansas City & Vicinity,Closing,10/18/2020,69
07/20/2020,Northrop Grumman,,Independence,Jackson,Kansas City & Vicinity,Layoff,09/30/2020,"1,700"
07/21/2020,Heartland Poker Tour,,St. Louis,St. Louis County,St. Louis County,Layoff,09/20/20,3
07/24/2020,American Queen Steamboat Company,,St. Louis & Other U.S. Cities,St. Louis,SLATE,Layoff,09/24/2020,250
07/29/2020,"Carlson Wagonlit Travel Agency, LLC",,Maryland Heights,St. Louis County,St. Louis County,Layoff,04/01/2020,58
07/29/2020,Embassy Suites by Hilton - St. Louis,,St. Louis,St. Louis,SLATE,Layoff,03/20/2020,31
07/30/2020,GoJet Airlines,,Bridgeton,St. Louis County,St. Louis County,Layoff,10/01/2020,525
07/30/2020,Republic Airways,,Kansas City,Platte,Kansas City & Vicinity,Layoff,10/01/2020,104
07/30/2020,Wyndham Vacation Ownership,,Branson,Taney,Ozark,Layoff,04/01/2020,191
08/03/2020 (updated 11/16/2020),Remington Outdoor Company,,Lexington,Lafayette,West Central,Closure,09/29/2020,64
08/04/2020,"XPO Logistics Supply Chain, Inc.",,Independence,Jackson,Kansas City & Vicinity,Layoff,09/30/2020,70
08/11/2020,Embassy Suites by Hilton - Kansas City,,Kansas City,Jackson,Kansas City & Vicinity,Layoff,03/18/2020,40
8/11/2020,Lozier Corporation,,Joplin,Jasper,Southwest,Layoff,10/06/2020,127
08/12/2020,HMSHost - Kansas City,,Kansas City,Platte,Kansas City & Vicinity,Layoff,10/15/2020,229
08/12/2020,HMSHost - St. Louis,,Bridgeton,St. Louis County,St. Louis County,Layoff,10/15/2020,353
8/12/2020 (updated 10/20/2020),Maritz,,Fenton,St. Louis County,St. Louis County,Layoff,04/16/2020,631
8/17/2020,Aramark,,Florissant,St. Louis County,St. Louis County,Layoff,09/30/2020,81
08/24/2020,Mountain View Fabricators/Royal/Coin Acceptors d/b/a Royal Remanufacturing,,Mountain View,Howell,South Central,Layoff,06/10/2020,120
08/26/2020,Alamo Drafthouse Cinema - Kansas City,,Kansas City,Jackson,Kansas City & Vicinity,Layoff,03/17/2020,75
08/28/2020,"Avis Budget Car Rental, LLC",,Multiple Locations,Multiple Locations,Multiple Locations,Layoff,04/01/2020,7
08/28/2020,InterContinental Kansas City at the Plaza,,Kansas City,Jackson,Kansas City & Vicinity,Layoff,08/29/2020,114
09/08/2020,Airport Management Services/Hudson Group,,St. Louis,St. Louis County,St. Louis County,Layoff,07/31/2020,84
09/11/2020,Chase Park Plaza Royal Sonesta Hotel,,St. Louis,St. Louis,SLATE,Layoff,11/10/2020,208
09/18/2020,PF Chang's China Bistro - Chesterfield,,Chesterfield,St. Louis County,St. Louis County,Layoff,March 2020,75
09/18/2020,PF Chang's China Bistro - Kansas City,,Kansas City,Jackson,Kansas City & Vicinity,Layoff,March 2020,75
09/18/2020,PF Chang's China Bistro St. Charles,,St. Charles,Saint Charles County,St. Charles County,Layoff,March 2020,75
10/12/2020,Kindred Healthcare,,St. Louis,St. Louis,St. Louis County,Layoff,12/20/2020,60
10/15/2020 (updated 10/19/2020),Missouri Walnut,,Neosho,Newton,Southwest,Layoff,12/15/20,60
10/16/2020,Aramark-Convention Center,,Kansas City,Jackson,Kansas City & Vicinity,Layoff,,57
10/16/2020,Aramark-Kauffman Stadium,,Kansas City,Jackson,Kansas City & Vicinity,Layoff,,523
10/26/2020,The Fontaine Hotel,,Kansas City,Jackson,Kansas City & Vicinity,Layoff,05/06/2020,63
11/04/2020,Aimbridge Hospitality (Hilton Branson Convention Center Hotel),,Branson,Taney,Ozark,Layoff,12/30/2020,102
11/04/2020,Sodexo - University of Missouri Kansas City,,Kansas City,Jackson,Kansas City & Vicinity,Layoff,03/01/2020,71
11/09/2020,"The McClatchy Company, LLC (Kansas City Star)",,Kansas City,Jackson,Kansas City & Vicinity,Layoff,01/16/2021,124
11/13/2020 (updated 11/24/2020),Meridian Medical Technologies,,St. Louis,St. Louis County,St. Louis County,Layoff,11/13/2020,63
11/22/2020,State Farm Mutual Automobile Insurance Company,,Earth City,St. Louis County,St. Louis County,Closing,01/31/2021,111
11/30/2020,Automobile Club of Missouri,,Hazelwood,St. Louis County,St. Louis County,Layoff,02/05/2021,95
12/01/2020,Anesthesia Associates of Kansas City,,Kansas City,Jackson,Kansas City & Vicinity,Layoff,01/31/2020,68
12/03/2020 (updated 01/11/2021),"Southwest Airlines, Co.",,Multiple Locations,Multiple Locations,Multiple Locations,Layoff,,0
12/28/2020 (updated 02/24/2021),Journagan Construction,,Springfield area,Springfield area,Springfield area,Layoff,03/05/2021,121
12/28/2020,CEVA Logistics,,Liberty,Liberty,Liberty,Layoff,02/28/2021,63
7/8/2019,Pioneer Services,,Kansas City,Jackson,Kansas City & Vicinity,Closing,9/1/2019,89
7/29/2019,Sheraton Clayton Plaza Hotel St. Louis,,Clayton,St. Louis County,St. Louis County,Layoff,10/1/2019 - 10/14/2019,82
07/29/2019,Silgan Containers Manufacturing Corporation,,Mount Vernon,Lawrence,Southwest,Closing,10/04/2019,20
09/02/2019,"Nestle USA, Inc. & Nestle Dreyers Ice Cream Company",,Earth City,St. Louis County,St. Louis County,Closing,12/31/2019,56
09/18/2019,"Sodexo, Inc., and Affiliates (Kansas City - Children's Mercy Hospital)",,Kansas City,Jackson,Kansas City & Vicinity,Closing,11/08/2109,96
10/02/2019 (updated 10/30/2020),Cerner Corporation,,Multiple Locations,Multiple Locations,Multiple Locations,Closing,01/14/2020,80
10/08/2019,Haldex Brake Products Corporation,,Blue Springs,Jackson,Kansas City & Vicinity,Closing,12/13/2019,154
10/17/2019,Union Pacific Neff Diesel Locomotive Shop,,Kansas City,Jackson,Kansas City & Vicinity,Closing,12/17/2019,89
10/24/2019,Thrift Books,,Maryland Heights,St. Louis,St. Louis County,Closing,11/01/2019,65
10/29/2019,"Cowley Distributing, Inc. (Cape Girardeau, Jefferson City, Maryland Heights, Springfield)",,Multiple Locations,Multiple Locations,Multiple Locations,Closing,12/31/2019,115
11/01/2019,Regal Beloit America Inc.,,West Plains,Howell,South Central,Closing,05/21/2020,204
12/06/2019,"ExlService.com, LLC",,Lee's Summit,Jackson,Kansas City & Vicinity,Closing,01/31/2020,82
12/09/2019 (updated 06/25/2020),XPO Logistics,,Hazelwood,St. Louis County,St. Louis County,Closing,02/07/2020– 6/26/2020,166
01/15/2020 (updated 01/27/2020),Concentrix CVG Corporation (formerly Convergys),,Arnold,Jefferson County,Jefferson/Franklin Consortium,Closing,04/04/2020,168
02/28/2020,"FedEx Ground Package System, Inc. (Earth City)",,Earth City,St. Louis County,St. Louis County,Closing,05/02/2020,125
03/06/2020,Hy-Vee Fulfillment Center (Kansas City),,Kansas City,Jackson County,Kansas City & Vicinity,Closing,05/06/2020,583
03/16/2020,J W Aluminum Inc. (St. Louis),,St. Louis City,St. Louis City,SLATE,Closing,05/15/2020,185
03/17/2020,Major Custom Assemblies Inc.,,Hazelwood,St. Louis County,St. Louis County,Closing,03/13/2020,95
03/18/2020,"Schmidt Restaurant Group LLC d/b/a Salt + Smoke (St. Louis - 75, University City - 84 & St. Charles - 59)",,Multiple Locations,Multiple Locations,Multiple Locations,Layoff,03/23/2020,218
03/18/2020,Lidia's Kansas City LLC,,Kansas City,Jackson,Kansas City & Vicinity,Layoff,03/16/2020,94
03/19/2020,"Trans State Airlines, LLC",,Multiple Locations,Multiple Locations,Multiple Locations,Closing,04/02/2020,718
03/20/2020 (updated 05/14/2020),"Amcor Rigid Packaging USA, LLC",,Hazelwood,St. Louis County,St. Louis County,Closing,07/17/2020,93
03/23/2020 (updated 04/08/2020),Alamo Drafthouse Cinema,,Springfield,Greene,Ozark,Layoff,03/16/2020,207
03/22/2020 (updated 05/22/2020),Aimbridge Hospitality - Hilton Branson Convention Center,,Branson,Taney,Ozark,Layoff,03/20/2020,127
03/23/2020 (updated 08/12/2020),"TEI (STLH), LLC (Four Seasons Hotel St. Louis)",,St. Louis,St. Louis,SLATE,Layoff,03/25/2020,368
03/25/2020,Schulte Companies and its affiliated companies including Schulte Hospitality Group (Various locations),,St. Louis area,St. Louis,St. Louis,Layoff,03/16/2020,229
03/26/2020,"PLE Enterprises, Inc. d/b/a Rolling Hills Auto Plaza (various locations)",,St. Joseph,Buchanon,Northwest,Layoff,03/23/2020,52
03/26/2020 (updated 07/30/2020),Crossroads Hotel - Kansas City (managed by Aparium Hospitality Services LTD),,Kansas City,Jackson,Kansas City & Vicinity,Layoff,03/17/2020,103
03/26/2020,Adams Mark Hotel & Conference Center - Kansas City,,Kansas City,Jackson,Kansas City & Vicinity,Layoff,03/17/2020,138
03/26/2020,"Alsco, Inc Linen & Uniform Rental Services - St. Louis",,St. Louis,St. Louis,SLATE,Layoff,03/25/2020,39
03/26/2020,Spartan Light Metal Products - Mexico,,Mexico,Audrain,Central,Layoff,03/26/2020,332
03/26/2020,Spartan Light Metal Products - Hannibal,,Hannibal,Marion,Northeast,Layoff,03/26/2020,72
03/30/2020,America's Auto Auction - Kansas City,,Kansas City,Platte,Kansas City & Vicinity,Layoff,03/17/2020,62
03/30/2020,Gaming Partners International,,Blue Springs,Jackson,Kansas City & Vicinity,Closing,05/26/2020,112
03/30/2020 (updated 07/15/2020),HGI - Mark Twain LLC,,LaGrange,Lewis,Northeast,Layoff,04/01/2020 - 4/6/2020,139
03/30/2020,Paper Source - St. Louis,,St. Louis,St. Louis,St. Louis County,Layoff,03/29/2020,13
03/30/2020,Paper Source - Kansas City,,Kansas City,Jackson,Kansas City & Vicinity,Layoff,03/29/2020,9
03/30/2020,Robinson Construction,,Bloomfield,Stoddard,Southeast,Layoff,03/27/2020,80
03/31/2020 (updated 05/14/2020),HGI - St. Jo LLC (St. Jo Frontier Casino),,St. Joseph,Buchanon,Northwest,Layoff,04/01/2020– 4/6/2020,150
03/31/2020,Rembrandt Enterprises,,Neosho,Newton,Southwest,Closing,06/01/2020,52
03/31/2020,Welk Resorts,,Branson,Taney,Ozark,Layoff,03/20/2020,94
03/31/2020,Rawlings Group,,Washington,Franklin,Jefferson/Franklin Consortium,Layoff,03/27/2020,130
03/31/2020,"AutoAlert, LLC",,Kansas City,Jackson,Kansas City & Vicinity,Layoff,03/26/2020,200
04/02/2020,Rawlings Group - St. Louis,,St. Louis,St. Louis,St. Louis,Layoff,04/03/2020,140
04/05/2020 (updated 07/15/202),Justin Brands Facilities,,Cassville & Carthage,Barry & Jasper,Southwest,Closed,04/01/2020,321
04/05/2020,Justin Retail,,Monett (7) & Joplin (7),Barry & Jasper,Southwest,Layoff,04/01/2020,14
04/06/2020,"Legget & Platt, Branch One",,Carthage,Jasper,Southwest,Layoff,4/3/2020,422
04/06/2020,Red Wing Shoe Company,,Potosi,Washington,Central,Layoff,4/7/2020,198
04/06/2020,"Innkeeper Hospitality Services, LLC",,St. Louis,St. Louis,St. Louis & St. Louis County,Layoff,3/20/2020,136
04/06/2020,Wellbridge Athletic Club & Spa,,Clayton,St. Louis County,St. Louis County,Layoff,3/22/2020,213
04/07/2020,"Hooters of America, LLC (multiple locations)",,Multiple Locations,Multiple Locations,Multiple Locations,Layoff,03/20/2020,321
04/07/2020,Isle of Capri Casino Kansas City,,Kansas City,Jackson,Kansas City & Vicinity,Layoff,04/11/2020,209
04/07/2020,"Isle of Capri Casino Boonville d/b/a IOC-Boonville, Inc.",,Boonville,Cooper,Central,Layoff,04/11/2020,350
04/07/2020,Lumiere Place Casino and Hotels,,St. Louis City,St. Louis City,SLATE,Layoff,04/11/2020,646
04/08/2020,"Caleres, Inc.",,Clayton,St. Louis County,St. Louis County,Layoff,03/28/2020,368
04/08/2020,SuitSupply St. Louis Inc.,,St. Louis City,St. Louis City,SLATE,Layoff,03/29/2020,6
04/09/2020,Asbury Automotive Group - Audi Creve Coeur,,Creve Coeur,St. Louis County,St. Louis County,Layoff,04/03/2020,24
04/09/2020 (updated 05/05/2020),Asbury Automotive Group - Landrover Jaguar Creve Coeur,,Creve Coeur,St. Louis County,St. Louis County,Layoff,04/03/2020,43
04/09/2020,Asbury Automotive Group - Mercedes Benz O'Fallon,,O'Fallon,St. Louis County,St. Louis County,Layoff,04/03/2020,11
04/09/2020 (updated 05/05/2020),Asbury Automotive Group - Plaza BMW Creve Coeur,,Creve Coeur,St. Louis County,St. Louis County,Layoff,04/03/2020,39
04/09/2020 (updated 05/05/2020),Asbury Automotive Group - Plaza Infiniti Creve Coeur,,Creve Coeur,St. Louis County,St. Louis County,Layoff,04/03/2020,20
04/09/2020 (updated 05/05/2020),Asbury Automotive Group - Plaza Lexus Creve Coeur,,Creve Coeur,St. Louis County,St. Louis County,Layoff,04/03/2020,51
04/09/2020 (updated 05/05/2020),Asbury Automotive Group - Mercedes Benz/Smart Creve Coeur,,Creve Coeur,St. Louis County,St. Louis County,Layoff,04/03/2020,54
04/10/2020 (updated 09/04/2020),"Leonard’s Metal, Inc. d/b/a LMI Aerospace - Fountain Lakes",,St. Charles,St. Charles County,St. Charles County,Layoff,04/13/2020,140
04/10/2020,"Leonard’s Metal, Inc. d/b/a LMI Aerospace - Highway 94",,St. Charles,St. Charles County,St. Charles County,Layoff,04/13/2020,52
04/10/2020,"Ozark Mountain Technologies, LLC",,Cuba,Crawford,Central,Layoff,04/13/2020,87
04/10/2020,"Valent Aerostructures, LLC",,Washington,Franklin,Jefferson/Franklin Consortium,Layoff,04/13/2020,80
04/13/2020,Kansas City Area Transportation Authority,,Kansas City,Jackson,Kansas City & Vicinity,Layoff,04/13/2020,11
04/13/2020,Frontenac Property Owner LLC d/b/a Hilton St. Louis Frontenac Hotel,,Frontenac,St. Louis County,St. Louis County,Layoff,04/13/2020,128
04/14/2020,"Silver Dollar City Theme Park, Silver Dollar City Campground, the Showboat Branson Belle, and White Water",,Branson,Taney,Ozark,Layoff,04/20/2020,257
04/15/2020,Scholastic Book Fairs,,Fenton,St. Louis County,St. Louis County,Layoff,03/24/2020,111
04/16/2020,Marriott Kansas City Country Club Plaza,,Kansas City,Jackson,Kansas City & Vicinity,Layoff,04/30/2020,114
04/16/2020,RR Donnelley,,St. Louis City,St. Louis City,SLATE,Closing,04/16/2020,72
04/17/2020,"Avis Budget Car Rental, LLC and its subsidiaries",,Multiple Locations,St. Louis County,St. Louis County,Layoff,03/02/2020,163
04/17/2020,Black Bear Diner - St. Charles,,St. Charles,St. Charles County,St. Charles County,Layoff,04/09/2020,38
04/17/2020,Black Bear Diner - Independence,,Independence,Jackson,Kansas City & Vicinity,Layoff,04/09/2020,65
04/17/2020,"Guitar Center, Inc. (GTRC Services, Inc.)",,Kansas City,Clay,Kansas City & Vicinity,Layoff,04/10/2020,291
04/17/2020,"Pinnacle Healthcare System, Inc.",,Multiple Locations,Multiple Locations,Multiple Locations,Closing,04/10/2020,125
04/20/2020,Recovery Management Corporation d/b/a Cargo Largo,,Kansas City,Jackson,Kansas City & Vicinity,Layoff,04/13/2020,177
04/20/2020 (revised 12/10/2020),"Dura Automotive Systems, LLC",,Moberly,Randolph,Northeast,Layoff,05/01/2020,72
04/21/2020,"Greater KC LINC, INC - Caring Community Before and After School Program",,Kansas City,Jackson,Jackson,Layoff,05/01/2020,471
04/22/2020,Leggett & Platt Automotive,,Carthage,Jasper,Southwest,Layoff,03/23/2020,215
04/22/2020,Visionworks,,Multiple Locations,Multiple Locations,Multiple Locations,Layoff,04/04/2020,94
04/24/2020,"Dental Arts Laboratories, Inc.",,St. Louis,St. Louis County,St. Louis County,Layoff,04/09/2020,33
04/27/2020,Legget & Platt Wire Mill,,Carthage,Jasper,Southwest,Layoff,04/-9/2020,83
04/27/2020,"Great Plains Specialty Finance, Inc.",,Multiple Locations,Multiple Locations,Multiple Locations,Layoff,04/21/2020,12
04/27/2020,"EAN Services, LLC - St. Louis Contact Center d/b/a Enterprise",,St. Louis,St. Louis County,St. Louis County,Layoff,04/30/2020,820
04/27/2020,"OS Restaurant Services LLC (Blooming Brands, d/b/a: Bonefish, Carrabba’s, Flemings, & Outback)",,Multiple Locations,Multiple Locations,Multiple Locations,Layoff,03/15/2020,935
04/27/2020,"C.R. Metal Products, Inc.",,Creve Coeur,St. Louis County,St. Louis County,Layoff,04/22/2020,106
04/27/2020 (updated 06/30/2020),"EAN Services, LLC",,Multiple Locations,St. Louis County,St. Louis County,Layoff,04/30/2020,59
04/27/2020 (updated 06/23/2020),Enterprise Holdings (Contact Center),,Multiple Locations,St. Louis County,St. Louis County,Layoff,04/30/2020,366
04/27/2020 (updated 06/23/2020),Enterprise Holdings (Corporate Office),,Multiple Locations,St. Louis County,St. Louis County,Layoff,04/30/2020,377
04/27/2020,Enterprise Transport - Various,,Multiple Locations,St. Louis County,Multiple Locations,Layoff,03/23/2020,447
04/28/2020,Enterprise Holdings-Enterprise Rent A Car - KC,,Kansas City,Platte,Kansas City & Vicinity,Layoff,04/3/2020,56
04/28/2020,Enterprise Holdings - National and Alamo Rent A Car,,Kansas City,Platte,Kansas City & Vicinity,Layoff,04/30/2020,84
04/29/2020,Atrium Hospitality: Chateau on the Lake Resort Spa & Convention Center,,Branson,Taney,Ozark,Layoff,03/12/2020,115
05/01/2020,First Student - House Springs,,House Springs,Jefferson,Jefferson/Franklin Consortium,Closing,06/30/2020,127
05/08/2020,Cox Automotive - Bridgeton,,Bridgeton,St. Louis County,St. Louis County,Layoff,05/17/2020,141
05/08/2020,Cox Automotive - Kansas City,,Kansas City,Jackson,Kansas City & Vicinity,Layoff,05/17/2020,174
05/11/2020 (updated 07/01/2020),TriWest Healthcare Alliance,,Kansas City,Clay,Kansas City & Vicinity,Layoff,04/20/2020,191
05/11/2020,Atrium Hospitality - St. Charles Embassy Suites,,St. Charles,St. Charles,St. Charles County,Layoff,03/12/2020,87
05/11/2020,Atrium Hospitality - Springfield University Plaza,,Springfield,Greene,Ozark,Layoff,03/12/2020,112
05/12/2020,Leggett & Platt - Corporate Offices,,Carthage,Jasper,Southwest,Layoff,03/19/2020,200
05/18/2020,Atrium Hospitality - Jefferson City Capitol Plaza,,Jefferson City,Cole,Central,Layoff,03/12/2020,108
05/18/2020,Atrium Hospitality - Kansas City Embassy Suites,,Kansas City,Platte,Kansas City & Vicinity,Layoff,03/12/2020,92
05/19/2020 (updated 07/17/2020),Exide Technologies: Canon Hollow Facility,,Forest City,Holt,Northwest,Layoff,08/21/2020,84
05/19/2020,Kellwood Apparel,,Chesterfield,St. Louis County,St. Louis County,Layoff,04/01/2020,2
05/22/2020,21c Museum Hotel,,Kansas City,Jackson,Kansas City & Vicinity,Layoff,05/26/2020,18
05/22/2020,Ameristar Casino Resort Spa - St. Charles,,St. Charles,St. Charles County,St. Charles County,Layoff,07/01/2020,947
05/22/2020,Ameristar Casino Hotel - Kansas City,,Kansas City,Clay,Kansas City & Vicinity,Layoff,07/01/2020,578
05/22/2020,Mercy Hospital - Springfield,,Springfield,Greene,Ozark,Layoff,05/22/2020,696
05/22/2020,Mercy Hospital - St. Louis,,Multiple Locations,St. Louis County,St. Louis County,Layoff,05/22/2020,663
05/22/2020 (updated 09/29/2020),Pacific Architects and Engineers (PAE),,Lee's Summit,Jackson,Kansas City & Vicinity,Layoff,11/29/2020,697
05/26/2020,"Merritt Hospitality, LLC - Hilton KC Airport",,Kansas City,Platte,Kansas City & Vicinity,Layoff,05/27/2020,86
06/01/2020,Piramal Glass USA Inc.,,Park Hills,St. Francois,Southeast,Layoff,07/31/2020,165
06/04/2020 (updated 06/08/2020),"LM Services Corporation d/b/a: Hilton Garden Inn-O'Fallon, Hilton Garden Inn-Chesterfield, Hilton Garden Inn-St.Louis Airport, Hilton St. Louis at the Ballpark, Holiday Inn Forest Park, Homewood Suites by Hilton-Maryland Heights, Embassy Suites by Hilton St. Louis Airport, Doubletree by Hilton, Sheraton Westport, Union Station Hotel, The Cheshire, Boundary/Basso, Doubletree Hotel & Conference Center, Hilton St. Louis Airport, Hospitality Audio Visual, Crowne Plaza St. Louis Airport, Marriott St. Louis Airport",,Multiple Locations,Multiple Locations,Multiple Locations,Layoff,06/12/2020,"1,488"
06/04/2020 (updated 08/28/2020),Westin Crown Plaza Hotel Co. - Sheraton Kansas City Hotel at Crown Center & The Westin Kansas City at Crown Center,,Kansas City,Jackson,Kansas City & Vicinity,Layoff,03/21/2020,435
06/05/2020,The Ritz Carlton,,Clayton,St. Louis,St. Louis County,Layoff,03/21/2020,307
06/08/2020,Marriott International Inc. d/b/a Marriott St. Louis Grand,,St. Louis,St. Louis,SLATE,Layoff,03/21/2020,384
06/08/2020,Hyatt Corporation d/b/a Hyatt Regency St. Louis at the Arch,,St. Louis,St. Louis,SLATE,Layoff,03/24/2020,245
06/09/2020,LMI Aerospace,,St. Charles,St. Charles,St. Charles County,Layoff,06/22/2020,60
06/12/2020,"STL Gaming Ventures, LLC d/b/a Hollywood Casino St. Louis",,Maryland Heights,St. Louis,St. Louis County,Layoff,08/15/2020,445
06/12/2020,PNK River City d/b/a River City Casino and Hotel,,Lemay,St. Louis,St. Louis County,Layoff,08/15/2020,329
06/12/2020 (updated 10/30/2020),"Kansas City Downtown Hotel Group, LLC - Marriott Downtown",,Kansas City,Jackson,Kansas City & Vicinity,Layoff,03/20/2020,280
06/15/2020,"Jacobsen Daniels Enterprises, LLC",,St. Louis,St. Louis,St. Louis County,Layoff,06/12/2020,1
06/16/2020,Argosy Casino Hotel and Spa,,Riverside,Platte,Kansas City & Vicinity,Layoff,08/15/2020,289
06/24/2020 (updated 10/30/2020),Cerner Corporation,,Multiple Locations,Multiple Locations,Kansas City & Vicinity,Layoff,08/25/2020,94
06/24/2020,Enterprise Holdings - IT,,Multiple Locations,Multiple Locations,Multiple Locations,Layoff,06/30/2020,23
06/24/2020,Levy,,St. Louis,St. Louis,SLATE,Layoff,08/01/2020,210
