hash_id,postal_code,company,location,notice_date,effective_date,jobs,is_temporary,is_closure,is_amendment
e8442f4e4ddf11a1faf7700edc14762bfe5476e1e3f0102de9c02fa5,CA,"Resonetics, LLC",405 Campbell Ave.  Menlo Park CA 94025,2026-01-20,2026-04-21,61,,True,False
63109b81600b1df6972882fff9dba1974f36b30a07fc875e83638ffd,CA,"Meta Platforms, Inc.",12105 E Waterfront Drive  Playa Vista CA 90094,2026-01-16,2026-03-20,53,,,False
4f747a7637bea934992bc661bcd5136d9a101f9ef73b6eb628478e44,CA,"Pioneer Custom Electrical Products, LLC",10640 Springdale Avenue  Santa Fe Springs CA 90670,2026-01-21,2026-03-31,47,,True,False
d9e1ff81064ff973c2db9162d808fd2ad574723fbb9b27a7ae480e14,CA,"Meta Platforms, Inc.",311 Airport Boulevard  Burlingame CA 94010,2026-01-16,2026-03-20,219,,,False
f2049b6ff26fe10625f9c4925fcc1937a9e2b47002e86d0cc77a7dc4,CA,McGee Air Services,1 Airport Dr  Oakland CA 94621,2026-01-05,2026-03-06,32,,True,False
ac060255297a5cf3118f9dabe7246860094c556ce759b02ea242b3ef,CA,Western Digital Technologies,5601 Great Oaks Parkway  San Jose CA 95119,2026-01-20,2026-01-20,87,,,False
33c0d0c78d01ad0eab5143ca1116565cb7a9f40328d113b51123d615,NJ,T-Mobile USA,"Bellevue, WA (Statewide in NJ)",,2026-04-21,78,,,False
678213764af3a3ffa53ec1332e72cca95323c17f0e76db965ae02861,OR,Wells Fargo and Company - Walker Rd. Hi,Hillsboro,2025-10-28,2026-03-20,2,,,False
