new,current
"{'hash_id': '62f9e92058fdf8dba91bd7f31a27016a7f4ad0c313ceaedace9c0b58', 'postal_code': 'AZ', 'company': 'DHM Payroll - Fiesta Tempe, LLC,', 'location': 'Tempe', 'notice_date': '2025-11-26', 'effective_date': '', 'jobs': '', 'is_temporary': '', 'is_closure': '', 'is_amendment': 'False'}","{'hash_id': 'd91e51077d0c4e710f20254cc6c2a6c3ba3cda2df687bc0431b9da2f', 'first_inserted_date': datetime.datetime(2025, 12, 17, 21, 42, 29, 125635, tzinfo=datetime.timezone.utc), 'notice_date': '2025-11-26', 'effective_date': '', 'postal_code': 'AZ', 'company': 'DHM Payroll - Fiesta Tempe, LLC,', 'location': 'Tempe', 'jobs': '114', 'is_closure': '', 'is_temporary': '', 'is_superseded': 'False', 'is_amendment': 'False', 'likely_ancestor': '', 'estimated_amendments': 0, 'last_updated_date': datetime.datetime(2025, 12, 17, 21, 42, 29, 125635, tzinfo=datetime.timezone.utc)}"
"{'hash_id': 'f682359266949890009bdf12640deb00bc77522b8ef334f4355480a6', 'postal_code': 'FL', 'company': 'Stryker Employment Company, LLC', 'location': 'LAKELAND', 'notice_date': '2025-02-12', 'effective_date': '2025-04-15', 'jobs': '500', 'is_temporary': '', 'is_closure': '', 'is_amendment': 'False'}","{'hash_id': '5be3ca08cdec1d825c1720179967bdd73e25bc41c9fa479f44dd9160', 'first_inserted_date': datetime.datetime(2022, 4, 7, 1, 38, 6, 332409, tzinfo=datetime.timezone.utc), 'notice_date': '2025-02-12', 'effective_date': '2025-04-15', 'postal_code': 'FL', 'company': 'Stryker Employment Company, LLC', 'location': 'LAKELAND', 'jobs': '8', 'is_closure': '', 'is_temporary': '', 'is_superseded': 'False', 'is_amendment': 'True', 'likely_ancestor': '98adbbd7618606462b1cde5e59146fade87bf4ea70de3ac81520470d', 'estimated_amendments': 7, 'last_updated_date': datetime.datetime(2025, 2, 13, 14, 35, 59, 682007, tzinfo=datetime.timezone.utc)}"
