notice_date,company,temporary_job_losses,at_the_location,jobs,permanent_job_losses,reason,phone,letter,end_date,furloughs,email,contact,occupations,workforce_region,workforce_area,dropdown,naics,reduced_hours,begin_date,fein,location,notes,received_date
1/8/24,Dish Network LLC,0,,157,157,Not stated,,Dish Network,3/8/24,0,,,Multiple (See WARN),,Arapahoe/Douglas,,Sector 51: Information,0,3/8/24,,,,1/8/24
1/11/24,Lost Boys Interactive LLC,0,,125 (4 in CO),125 (4 in CO),Not stated,,Lost Boys Interactive,3/15/24,0,,,Multiple (See WARN),,"Multiple (Larimer, Jeffco, Adams)",,"Sector  54: Professional, Scientifc, & Technical Srvs",0,3/15/24,,,,1/13/24
1/18/24,ABM Industry Group,0,,94,94,Loss of contract w/Amazon,,ABM Industry Group,3/18/24,0,,,Multiple (See WARN),,Adams,,Sector 23: Construction,0,3/18/24,,,,1/18/24
1/19/24,Dish Network LLC,0,,9,9,Reduction in Force,,Dish Network 1-19-2024,3/19/24,0,,,Multiple (See WARN),,Arapahoe/Douglas,,Sector 51: Information,0,3/19/24,,,,1/19/24
1/4/24,Flatirons Health and Rehabilitation (Axiom Healthcare Services).,0,,124,124,Facility closure,,Flatirons Health & Rehab (Axiom Healthcare),3/4/24,0,,,Multiple (See WARN),,Boulder,,Sector 62: Health Care and Social Assistance,0,3/4/24,,,,1/25/24
1/30/24,Amentum,0,,45,45,Closure-Completion of PCAPP Milestones,,Amentum,3/31/24,0,,,Multiple (See WARN),,Pueblo,,"Sector: 56,2910: Remediation Services",0,3/1/24,,,,1/30/24
1/30/24,IMI Norgren LLC,0,,60,60,Site Consolidation and Office Relocation,,IMI Norgren LLC,6/30/24,0,,,Unknown,,Arapahoe/Douglas,,Sector: 31-33 Manufacturing,0,4/1/24,,,,1/30/24
1/30/24,Block Inc.,0,,13 (in CO),13,Not Stated,,Block Inc,3/30/24,0,,,Unknown,,Unknown (Remote Workers),,Sector 51: Information,0,3/30/24,,,,1/30/21
1/31/24,BillGO Inc.,0,,80,80,Change in current business opportunities,,BillGO Inc.,3/31/24,0,,,Multiple (See WARN),,Larimer,,Sector 52: Finance and Insurance,0,3/31/24,,,,1/31/24
1/31/24,SP+ Corporation,0,,56,56,Not Stated,,SP+ Corporation,1/31/24,0,,,Multiple (See WARN),,Denver,,Sector 81--Other Services--81293 Parking Lots and Garages,0,1/31/24,,,,1/31/24
2/20/24,Dish Network LLC,0,,53,53,Reduction in Force,,Dish Network 2-20-2024,4/20/24,0,,,Multiple (See WARN),,Arapahoe/Douglas,,Sector 51: Information,0,4/20/24,,,,2/20/24
2/22/24,Daifuku Services America Corporation (formerly Elite Line Services) -Thornton,0,,75 *,75,Loss of contract,,Daifuku Services-Thornton,5/6/24,0,,,Multiple (See WARN),,Adams,,Sector 33: Manufacturing,0,4/22/24,,,,2/22/24
2/22/24,Daifuku Services America Corporation -Colo Springs,0,,89 *,89,Loss of contract,,Daifuku Services-Colo Springs,5/6/24,0,,,Multiple (See WARN),,Pikes Peak-Colo Springs,,Sector 33: Manufacturing,0,4/22/24,,,,2/22/24
2/22/24,Daifuku Services America Corporation -Aurora,0,,32 *,32,Loss of contract,,Daifuku Services-Aurora,5/6/24,0,,,Multiple (See WARN),,Arapahoe/Douglas,,Sector 33: Manufacturing,0,4/22/24,,,* NOTE: Daifuku HR confirmed that all but a few of these employees will be hired by the new vendor.,2/22/24
2/26/24,Carestream Health Inc.,0,,210,210,Facility closure,,Carestream Health Inc,5/10/24,0,,,Multiple (See WARN),,Weld,,Sector 33: Manufacturing,0,4/26/24,,,,2/26/24
2/27/24,"Packers Sanitation Services, Inc.’s (PSSI)",0,,175,175,Loss of contract,,"Packers Sanitation Services, Inc",4/18/24,0,,,Unknown,,Weld,,Sector 56: Waste Management and Remediation Services,0,4/18/24,,,,2/27/24
3/12/24,Dish Network LLC,0,,5,5,Reduction in Force,,Dish Network LLC,5/11/24,0,,,Multiple (See WARN),,Arapahoe/Douglas,,Sector 51: Information,0,5/11/24,,,,3/12/24
3/20/24,Carestream Health Inc. - Update,0,,19,19,Reduction in Force,,Carestream Health Update,5/24/24,0,,,See WARN Exhibit A,,Weld,,Sector 33: Manufacturing,0,5/24/24,,,,3/21/24
2/23/24,CommuteAir,0,,40,40,Reduction in Force,,CommuteAir,5/23/24,0,,,See WARN,,Denver,,Sector 48: Transportation and Warehousing,0,5/23/24,,,,3/20/24
3/21/24,Bionano Genomics Inc.,0,,76,76,Reduction in Force,,Bionano Genomics Inc.,5/24/24,0,,,See WARN,,San Diego (remote CO Workers),,Sector 33: Manufacturing,0,5/24/24,,,,3/22/24
3/11/24,Developmental Disabilities Resource Center,0,,46,46,Reduction in Force,,DDRC,6/30/24,0,,,See WARN,,Jefferson,,Sector 62: Healthcare and Social Assistance,0,6/30/24,,,,3/28/24
3/27/24,Atrium Hospitality LP/Denver Crowne Plaza,0,,56,56,Closure,,Atrium Hospitality LP/Denver Crowne Plaza,5/31/24,0,,,See WARN,,Denver,,Sector 72: Accommodation & Food Services,0,5/31/24,,,,3/27/24
3/29/24,Volta/Volta Charging Industries,0,,154 (1 in CO),154 (1 in CO),Closure,,Volta/Volta Charging Industries,5/31/24,0,,,See WARN (Various Positions),,Not Stated,,Sector 33: Manufacturing,0,5/31/24,,,,4/3/24
4/3/24,HealthHelp (a WNS Company),0,,75 (1 in CO),75 (1 in CO),Reduction in Force,,HealthHelp,8/2/24,0,,,Various (See WARN),,Arapahoe/Douglas,,Sector  55: Management of Companies & Enterprises,0,6/2/24,,,,4/9/24
4/9/24,Checkr,0,,92,92,Reduction in Force,,Checkr,6/10/24,0,,,Various (See WARN),,Denver,,"Sector: 56,  561611 Investigation Personal Background Check Services.",0,6/10/24,,,,4/9/24
4/17/24,Wheels Up Partners LLC,0,,65,65,Closure (Cease Operations),,Wheels Up Partners LLC,6/16/24,0,,,Various (See WARN),,Rural Consortium (Broomfield),,Sector 48: Transportation and Warehousing,0,6/16/24,,,,4/17/24
4/25/24,Carestream Health,0,,25,25,Reduction in Force,,Carestream Health,6/28/24,0,,,Varous (See WARN),,Weld,,Sector 33: Manufacturing,0,6/28/24,,,,4/25/24
4/30/24,University of Denver,0,,118,118,Contract with Sodexo,,University of Denver,6/30/24,0,,,Custodian positions,,Denver,,Sector 61: Educational Services,0,6/30/24,,,,4/30/24
5/1/24,Radial,0,,84,84,Selling Customer Care Unit,,Radial,6/28/24,0,,,See WARN.,,Remote Workforce,,"Sector 54: Professional, Scientific & Technical Services",0,6/28/24,,,,5/1/24
5/1/24,Rocky Mountain Crisis Partners,0,,330,330,Loss of state funding,,Rocky Mountain Crisis Partners,6/30/24,0,,,All positions/ job titles not specified,,Denver,,Sector 62: Healthccare & Social Assistance,0,6/30/24,,,,5/1/24
5/2/24,Newrez LLC,0,,103,103,Reduction in Force,,NewRez LLC,7/1/24,0,,,See WARN.,,Arapahoe/Douglas,,Sector 52: Finance and Insurance,0,7/1/24,,,,5/2/24
5/13/24,Walmart Store #6178,0,,141,141,Closure,,Walmart #6178,6/7/24,0,,,Associates,,Arapahoe/Douglas,,Sector 45: Retail Trade,0,6/7/24,,,,5/13/24
5/15/24,Pfizer Research,0,,Not Specified,Not specified,Reduction in Force,,Pfizer,8/24/2024,0,,,Not specified,,Boulder,,"Sector 32, 3254 - Pharmaceutical and Medicine Manufacturing.",0,7/15/24,,,,5/15/24
5/21/24,Amentum,0,,11,11,Closure (end of Milestone 7),,Amentum,7/31/24,0,,,See WARN,,Pueblo,,"Sector: 56,2910: Remediation Services",0,7/1/24,,,,5/21/24
5/21/24,Carestream (Update),0,,18,18,Reduction in Force,,Carestream,8/5/24,0,,,See WARN.,,Weld,,Sector 33: Manufacturing,0,7/22/24,,,,5/21/24
5/31/24,Mindspring,6,,71,65,Reduction in Force,,Mindspring,6/3/24,0,,,See WARN.,,Mesa,,Sector 62: Healthcare & Social Assistance,0,5/31/24,,,,5/31/24
6/4/24,Mindspring (Update),0,,49**,49,Reduction in Force,,See note below.,6/4/24,0,,,See WARN. Updated from 65 to 49,,Mesa,,Sector 62: Healthcare & Social Assistance,0,6/4/24,,,,6/4/24
6/3/24,NewRez LLC,0,,317,317,Reduction in Force,,NewRez LLC CORRECTION,8/2/24,0,,,See WARN.,,Arapahoe/Douglas,,Sector 52: Finance and Insurance,0,8/2/24,,,,6/3/24
6/14/24,TSG Ski & Golf,47,,63,3,Reduction in Force,,TSG Ski & Golf,12/1/24,13,,,"Bartenders, cooks, dishwashers, supervisor",,Rural Southwest,,"Sector 71: Arts, Entertainment & Recreation, (713920 Ski Facility)",0,6/14/24,,,,6/14/24
6/18/24,Saint Paul Health Center,0,,131*,131,End of Contract,,Saint Paul Health Ctr-Colvaria Hospitality Mgmt,9/1/24,0,,,Various. See WARN.,,Denver,,Sector 62: Healthcare and Social Assistance,0,9/1/24,,,* NOTE: HR expects that most of these employees will be hired by the new management company.,6/18/24
6/18/24,Wells Fargo,0,,80,80,Reduction in Force,,Wells Fargo,12/21/24,0,,,Employees notified verbally. Specific job titles available in August when layoff letters go out.,,Denver,,Sector 52: Finance and Insurance,0,8/1/24,,,,6/18/24
6/27/24,Newrez LLC,0,,187,187,Reduction in Force,,NewRez LLC Update,8/26/24,0,,,See WARN.,,Arapahoe/Douglas,,Sector 52: Finance and Insurance,0,8/26/24,,,,6/27/24
7/8/24,Sodexo & Affiliates,,,,,,,,,,,,,,,,,,,,,,7/8/24
7/8/24,Sodexo - St. Francis Interquest,0,,7,7,Closure (Cease Operations),,Sodexo-St Francis Interquest,8/4/24,0,,,Various (See WARN),,Pikes Peak,,Sector 56:  Administrative and Support and Waste Management and Remediation Services,0,8/4/24,,,,7/8/24
7/8/24,Sodexo - St. Francis Medical Center,0,,48,48,Closure (Cease Operations),,Sodexo-St Francis Medical Center,8/4/24,0,,,Various (See WARN),,Pikes Peak,,Sector 56:  Administrative and Support and Waste Management and Remediation Services,0,8/4/24,,,,7/8/24
7/8/24,Sodexo - Penrose Hospital,0,,52,52,Closure (Cease Operations),,Sodexo-Penrose Hospital,8/4/24,0,,,Various (See WARN),,Pikes Peak,,Sector 56:  Administrative and Support and Waste Management and Remediation Services,0,8/4/24,,,,7/8/24
7/16/24,LogRhythm,0,,80,80,Reduction in Force (Cease Operations of Axon Operating Unit),,LogRhythm,9/14/24,0,,,Not disclosed,,RC: Broomfield,,"Sector 54: Professional, Scientific & Technical Services",0,9/9/24,,,,7/17/24
7/17/24,Carestream Health,0,,21,21,Reduction in Force,,Carestream Health,9/16/24,0,,,Various (See WARN),,Weld,,Sector 33: Manufacturing,0,9/16/24,,,,7/17/24
7/29/24,Amentum,0,,72,72,Closure (upon completion of proj),,Amentum,9/30/24,0,,,Various,,Pueblo,,"Sector 56,2910: Remediation Services",0,9/30/24,,,,7/29/24
7/30/24,Radial,0,,79,79,Closure,,Radial,9/30/24,0,,,Various,,Remote locations in CO,,"Sector 54: Professional, Scientific & Technical Services",0,9/30/24,,,,7/30/24
8/1/24,TPS Parking Mgmt,0,,85,85,Mass Layoff,,TPS Parking Mgmt,9/30/24,0,,,"Drivers, Parking Attendants, Greeters, Dispatchers",,Adams,,"Sector 81, 2930: Parking Lots and Garages",0,9/30/24,,,,7/31/24
8/8/24,True Value,0,,49,49,Change in Business,,True Value,11/1/24,0,,,Merchandise Handlers,,Denver,,"Sector 44,4130: Hardware Stores",0,9/6/24,,,,8/8/24
8/19/24,Casey's Pond,0,,63,63,Sale of Business,,Caseys Pond,11/30/24,0,,,Not specified,,RC: Rural Resort,,Sector 62: Healthcare and Social Assistance,0,10/18/24,,,,8/20/24
8/20/24,Wells Fargo,0,,70,70,Not specified,,Wells Fargo,12/31/24,0,,,Not specified,,Arapahoe Douglas,,"Sector 52,2110 Commercial Banking",0,11/20/24,,,,8/20/24
8/30/24,ImmunityBio Inc.,0,,25 (5 in CO),25 (5 in CO),See WARN.,,ImmunityBio Inc,10/29/24,0,,,,,Boulder,,"Sector 54,541: Professional, Scientific, and Technical Services​​ Industries",0,10/29/24,,,,8/30/24
9/6/24,Lost Boys Interactive LLC,0,,139 (3 in CO),139 (3 in CO),See WARN.,,Lost Boys Interactive,9/9/24,0,,,,,RC: Boulder & Larimer,,"Sector 54,541: Professional, Scientific, and Technical Services​​ Industries",0,9/9/24,,,,9/9/24
,,,,"**Note: Only 49, not 71 were affected as previously reported which is under the count for WARN.",,,,,,,,,,,,,,,,,,,
1/3/23,Wanzek Construction,0,,666,666,Sudden Contract Loss,,Wanzek Construction,1/3/23,0,,,Various construction positions,,Pueblo,,Sector 23: Construction,0,1/3/23,,,,1/3/23
1/9/23,Gymshark,0,,67,67,Ceasing Operations in some areas of the company,,Gymshark,3/24/23,0,,,Not Stated,,Denver,,Sector 31: Manufacturing,0,3/10/23,,,,1/16/23
1/11/23,Specialized Bicycle Components,0,,15,15,Downsizing,,Specialized Bicycle Components,1/13/23,0,,,"Software developer, Acct Mgr, e-commerce, mktg, pgm mgr",,Boulder,,Sector 42: Wholesale Trade,0,1/13/23,,,,1/1123
1/25/23,DCP Midstream,0,,136,136,Not Stated,,DCP Midstream,4/1/24,0,,,Not Stated,,Denver,,Sector 22: Natural Gas Distribution,0,3/31/23,,,,1/31/23
1/26/23,Curaleaf,0,,47,47,RIF/Change in Business,,Curaleaf,3/26/23,0,,,Various (see WARN letter),,Pueblo,,Sector 32: Manufacturing,0,3/26/23,,,,1/31/23
2/1/23,Pinnacle Architectural Lighting Inc.,0,,151,151,Restructuring & Reorganization,,Pinnacle Architectural Lighting,3/1/24,0,,,Electrical Assemblers & Varous,,Denver,,Sector  541490: Other Specialized Design Services,0,6/30/23,,,,2/1/23
2/9/23,Covercraft Industries LLC,0,,49,49,Closure,,Covercraft Industries,4/14/23,0,,,Not Stated,,Arapahoe/Douglas,,Sector 1: 314910: Textile Bag and Canvas Mills,0,4/14/23,,,,2/14/23
2/15/23,WIX.com,0,,62,62,Unforseen Business Circumstances,,WiX 2-15-23,2/15/23,0,,,Various: See WARN,,Denver,,"Sector 51,5182: Data Processing Hosting & Related Services",0,2/15/23,,,,2/15/23
2/16/23,Chipper Cash,0,,5,49 (5 in CO),Not Stated,,Chipper Cash,2/17/23,0,,,Various: See WARN,,Various,,Sector 51: Information,0,02/17/23,,,,2/16/23
2/27/23,SSI Venture/Aspen Sports (Aggregated),0,,,69,Strategic Business Decision,,SSI Venture-Aspen Sports,11/1/23,0,,,Various: See WARN,,RR (Aspen),,"Sector:45,451 : Sporting Goods",0,5/1/2023,,,,3/2/23
2/27/23,Aspen Sports Hyatt Retail Store,,,4,,,,SSI Venture-Aspen Sports,,,,,,,,,"Sector:45,451 : Sporting Goods",,,,,,3/2/23
2/27/23,Aspen Sports Snowmass Mall,,,13,,,,SSI Venture-Aspen Sports,,,,,,,,,"Sector:45,451 : Sporting Goods",,,,,,3/2/23
2/27/23,Aspen Sports St. Regis Retail,,,9,,,,SSI Venture-Aspen Sports,,,,,,,,,"Sector:45,451 : Sporting Goods",,,,,,3/2/23
2/27/23,Aspen Sports Viewline Retail,,,4,,,,SSI Venture-Aspen Sports,,,,,,,,,"Sector:45,451 : Sporting Goods",,,,,,3/2/23
2/27/23,Aspen Sports Snowmass Retail Store,,,3,,,,SSI Venture-Aspen Sports,,,,,,,,,"Sector:45,451 : Sporting Goods",,,,,,3/2/23
2/27/23,Aspen Sports Demo,,,5,,,,SSI Venture-Aspen Sports,,,,,,,,,"Sector:45,451 : Sporting Goods",,,,,,3/2/23
2/27/23,Aspen Sports Tune - Snowmass,,,6,,,,SSI Venture-Aspen Sports,,,,,,,,,"Sector:45,451 : Sporting Goods",,,,,,3/2/23
2/27/23,Aspen Sports Valet - Snowmass,,,3,,,,SSI Venture-Aspen Sports,,,,,,,,,"Sector:45,451 : Sporting Goods",,,,,,3/2/23
2/27/23,Burton Telluride Retail,,,5,,,,SSI Venture-Aspen Sports,,,,,,,,,"Sector:45,451 : Sporting Goods",,,,,,3/2/23
2/27/23,Neve Sports - Telluride,,,10,,,,SSI Venture-Aspen Sports,,,,,,,,,"Sector:45,451 : Sporting Goods",,,,,,3/2/23
2/27/23,Patagonia Snowmass,,,7,,,,SSI Venture-Aspen Sports,,,,,,,,,"Sector:45,451 : Sporting Goods",,,,,,3/2/23
2/27/23,Telluride Sports Camel's Garden,,,8,,,,SSI Venture-Aspen Sports,,,,,,,,,"Sector:45,451 : Sporting Goods",,,,,,3/2/23
2/27/23,Telluride Sports - Cimarron Lodge,,,10,,,,SSI Venture-Aspen Sports,,,,,,,,,"Sector:45,451 : Sporting Goods",,,,,,3/2/23
2/27/23,Telluride Sports - Franz Klammer,,,14,,,,SSI Venture-Aspen Sports,,,,,,,,,"Sector:45,451 : Sporting Goods",,,,,,3/2/23
2/27/23,Telluride Sports - Gondola Plaza,,,10,,,,SSI Venture-Aspen Sports,,,,,,,,,"Sector:45,451 : Sporting Goods",,,,,,3/2/23
2/27/23,Telluride Sports Main Street,,,16,,,,SSI Venture-Aspen Sports,,,,,,,,,"Sector:45,451 : Sporting Goods",,,,,,3/2/23
2/27/23,Telluride Sports - The Peaks,,,4,,,,SSI Venture-Aspen Sports,,,,,,,,,"Sector:45,451 : Sporting Goods",,,,,,3/2/23
2/27/23,The North Face - Snowmass,,,6,,,,SSI Venture-Aspen Sports,,,,,,,,,"Sector:45,451 : Sporting Goods",,,,,,3/2/23
2/27/23,The North Face - Telluride Retail,,,4,,,,SSI Venture-Aspen Sports,,,,,,,,,"Sector:45,451 : Sporting Goods",,,,,,3/2/23
3/1/23,Friday Health Plans,0,,98,98,Reduction in Business,,Friday Health Plans,4/30/23,0,,,Various: See WARN,,Rural Consortium (Alamosa) & Denver,,"Sector 52,411: Direct Life, Health & Med Insurance",0,4/30/23,,,,3/1/23
3/24/23,Aspiration Partners Inc.,0,,4,4 (of 178),Restructing and streamlining,,Aspiration,6/1/23,0,,,Various (See WARN),,"Denver, Broomfield",,Sector:55 Management of Companies & Enterprises,0,5/26/2023,,,,3/24/23
3/30/23,Laramar Group LLC,0,,76,76,Not stated,,Laramar Group LLC,P1: 6/15/23 & P2: 7/28/23,0,,,Various (See WARN),,"Denver, Broomfield",,Sector 53: Real Estate and Rental & Leasing,0,P1: 6/1/23 P2: 7/14/23,,,,3/30/23
3/31/23,Prescient LLC,0,,50,50,Mass layoff,,Prescient LLC,12/31/23,0,,,Not Stated,,Jefferson,,Sector 33: Manufacturing,0,3/31/2023,,,,4/2/23
4/14/23,David's Bridal,0,,138,138,Bankrupcy,,David's Bridal,Multi phase (See WARN),0,,,Various (See WARN),,Multi area,,Sector 44: Retail Trade,0,Multi Phase (See WARN),,,,4/14/23
4/27/23,MV Transportation,0,,198,198,Not specified,,MV Transportation,6/30/23,0,,,"Drivers, Dispatchers, Admin, Utility Worker",,Denver,,Sector 48: Transportation & Warehousing,0,6/30/23,,,,4/28/23
5/1/23,Via Mobility Services,0,,120,120,Loss of Contract,,Via Mobility Services,7/1/23,0,,,"Administrative support, operatives,  & service workers.",,Denver,,Sector 48: Transporation and Warehousing,0,7/1/2023,,,,5/22/23
5/24/23,Davids Bridal (Update),0,,138,138,Bankrupcy,,Davids Bridal Update,6/30/23,0,,,Various (See WARN),,Multi area,,Sector 44: Retail Trade,0,6/23/23,,,,5/24/23
5/26/23,Amentum,0,,19,19,Closure (Phase 1),,Amentum,7/28/2023,0,,,"Engineers, Maintenace Planners/Supervisors, Technicans*",,Pueblo,,"Sector: 56,2910: Remediation Services",0,7/27/2023,,,,5/26/23
5/30/23,Hard Rock Cafe International STD,0,,54,54,Closure,,Hard Rock Cafe,7/29/23,0,,,Restaurant workers,,Denver,,Sector 72: Accommodation & Food Services,0,7/29/2023,,,,5/30/23
6/12/23,Davids Bridal (Update),0,,138,138,Bankrupcy,,Davids Bridal Update,9/2/2023,0,,,Not disclosed,,Multi Area,,Sector 44: Retail Trade,0,8/20/2023,,,,6/12/23
6/13/23,Gannett (Pueblo Chieftian),0,,50,50,Closure of production & distribution operations,,Gannett Pueblo Chieftain,8/14/23,0,,,Production positions (see WARN),,Pueblo,,Sector 2022: Publishing,0,8/14/2023,,,,6/13/23
6/14/23,Bitwise Industries,0,,13,13,Mass layoff,,Bitwise Industries,8/14/23,0,,,Multiple (See WARN),,Multi Area,,"Sector 54: Professional, Scientific, & Technical Services",0,8/14/2023,,,,6/14/23
6/19/23,Friday Health Plans Update (6-19-23),0,,323,323,Mass Layoff,,Friday Health Plans Update 6-19-23,7/6/23,0,,,Rural Consortium and Denver,,"Rural Consortium, Denver",,"Sector 52, 411 Direct Life Health & Medical Insurance",0,6/23/2023,,,,6/19/23
6/20/23,Autism Home Support Services (Greeley),0,,70,70,Mass Layoff,,Autism Home Support Srvs Greeley,9/19/23,0,,,Multiple (See WARN),,Weld,,"Sector 62,1600: Home Healthcare Services",0,8/21/2023,,,,6/20/23
6/20/23,Autism Home Support Services (Westminster),0,,68,68,Mass Layoff,,Autism Home Support Svs Westminster,9/19/23,0,,,Multiple (See WARN),,Adams,,"Sector 62,1600: Home Healthcare Services",0,8/21/2023,,,,6/20/23
6/20/23,Autism Home Support Services (Centennial),0,,101,101,Mass Layoff,,Autism Home Support Services Centennial,9/19/21,0,,,Multiple (See WARN),,ADWorks,,"Sector: 62,1600 Home Healthcare Services",0,8/21/2023,,,,6/20/23
6/29/23,Davids Bridal Update 6-29-23,0,,Date Change,138,Mass Layoff,,Davids Bridal Update 6-29-23,7/31/23,0,,,Bankrupcy,,Multi-Area,,Sector 44: Retail Trade,0,7/17/2023,,,,6/29/23
6/30/23,CDI HS (Community Development Institute Head Start),0,,120,120,Mass Layoff,,Community Development Institute Head Start,8/31/33,0,,,Rural Consortium,,"Rural Consortium, Denver",,Sector 62: Health Care and Social Assistance,0,8/31/2023,,,,6/30/23
7/3/23,Amentum,0,,27,27,Reduction in Force (End Project),,Amentum,8/31/23,0,,,Multiple (See WARN),,Rural Consortium  (Pueblo),,"Sector: 56,2910: Remediation Services",0,8/31/2023,,,,7/3/23
7/11/23,Bank of the West,0,,56,56,Reduction in Force (End Project),,Bank of the West,9/15/23,0,,,Not specified in WARN,,Adams,,"Sector 52,2110: Commercial Banking",0,9/15/2023,,,,7/11/23
7/20/23,Namasté Alzheimer Center,0,,64,64,Closure,,Namaste Alzheimer Center,10/1/23,0,,,Medical Professionals (see WARN),,Pikes Peak,,Sector: 62: Healthcare and Social Assistance,0,10/1/2023,,,,7/20/23
7/24/23,DePuy Spine Limited Partnership (Johnson & Johnson),0,,15,15,"Reduction in Force Ending manufacuring, quality & distribution",,DePuy Spine Limited Partnership,10/5/2023,0,,,"Materials Handling, Inspector, Operators",,Pikes Peak,,"Sector 42,2450: Medical, Dental, Hospital & Supplies Merchant Wholesaler",0,9/22/2023,,,,7/24/23
7/28/23,Novembal,0,,Unknown,Unknown,Closure,,Novembal,1/31/24,0,,,Unknown,,Unknown (possibly rural & remote),,"Sector 32: Manufacturing; 32,6121 Unlaminated Plastics Profile Shape Manufacturing",0,9/30/2023,,,,7/28/23
7/30/23,Yellow Corporation & Operating Affiliates,0,,331,"22,000*",Closure,,Yellow Corporation,7/30/23,0,,,Not specified in WARN,,Unknown,,"Sector 48,4121: General Freight Trucking Long Distance Truckload",0,7/30/2023,,,,8/1/23
7/30/23,YRC Inc dba YRC Freight,0,,,*,,,See WARN for Yellow Corporation,,0,,,,,Unknown,,"Sector 48,4121: General Freight Trucking Long Distance Truckload",0,7/30/23,,,,8/1/23
7/30/23,USF Holland,0,,,*,,,See WARN for Yellow Corporation,,0,,,,,Unknown,,"Sector 48,4121: General Freight Trucking Long Distance Truckload",0,7/30/23,,,,8/1/23
7/30/23,New Penn Motor Express LLC,0,,,*,,,See WARN for Yellow Corporation,,0,,,,,Unknown,,"Sector 48,4121: General Freight Trucking Long Distance Truckload",0,7/30/23,,,,8/1/23
7/30/23,"USF Reddaway, Inc.",0,,,*,,,See WARN for Yellow Corporation,,0,,,,,Unknown,,"Sector 48,4121: General Freight Trucking Long Distance Truckload",0,7/30/23,,,,8/1/23
8/2/23,"KeHe Distributors, Inc.",0,,24,24,Contract loss,,KeHE,11/3/23,0,,,Not disclosed,,Arapahoe/Douglas,,"Sector 42: Wholesale Trade, 42,4490 Merchant Wholesaler, Non Durable Goods",0,11/3/2023,,,,8/2/23
8/7/23,DePuy Spine Limited Partnership (Johnson & Johnson),0,,10,10,Mass Layoff,,DePuy Spine Limited Partnership,10/19/23,0,,,Material Handling Distribution Operators 2&3,,Arapahoe/Douglas,,"Sector 42,2450: Medical, Dental, Hospital & Supplies Merchant Wholesaler",0,10/6/2023,,,,8/7/23
8/7/23,Astra Space Operations,0,,61 (all locations)*,61,RIF,,Astra Space Ops,8/4/23,0,,,See WARN for details.,,Unknown,,Sector 33: Manufacturing,0,8/4/2023,,,,8/7/23
8/9/23,Federal Express - Colorado Springs,0,,94,94,Closure,,Federal Express,11/3/23,0,,,"Couriers, Service Agents, Handlers and Operations Leads",,Pikes Peak,,Sector 49: Transportation and Warehousing,0,11/3/2023,,,,8/9/23
8/10/23,Federal Express  - Pueblo,0,,53,53,Closure,,Federal Express,11/3/23,0,,,See WARN for details,,Pueblo,,Sector 49: Transportation and Warehousing,0,11/3/2023,,,,8/10/23
8/11/23,Amentum,0,,14,14,Closure (completion of milestone),,Amentum,10/12/23,0,,,See WARN for details,,Pueblo,,"Sector: 56,2910: Remediation Services",0,10/12/2023,,,,8/11/23
8/18/23,Ouray Sportsware - L2 Brands,0,,154,2,Closure,,Ouray Sportsware,12/31/23,0,,,See WARN for details.,,Arapahoe/Douglas,,Sector 45: Retail Trade,0,10/17/2023,,,,8/18/23
8/18/23,Immunity Bio Inc.,0,,59 (all locations)*,59,Streamline Operations,,Immunity Bio Inc.,10/17/23,0,,,See WARN for details. (Note updated CO specifc # is 11 employees impacted).,,Unknown,,"Sector 54: Professional, Scientific, & Technical Services",0,10/17/2023,,,,8/18/23
8/25/23,Chevron USA,0,,199 Max * (most all will be offered jobs),Unknown,Restructuring following acquisition,,Chevron,10/31/23,0,,,Not specified,,"Denver, Weld",,"Sector 32,4110: Petroleum Refineries",0,10/31/2023,,,,8/25/23
8/29/23,Packers Sanitation Services (PSSI),0,,110,110,Contract ending,,PSSI,10/26/23,0,,,Not specified,,Rural Consortium,,Sector: 562212 - Solid Waste Landfill,0,10/26/2023,,,,8/29/23
8/29/23,Aktiv Phama,0,,70,70,,,Aktiv Pharma,8/25/23,0,,,,,Larimer & Rural Consortium,,Sector 33: Manufacturing/Pharmaceuticals,0,8/25/23,,,,8/29/23
8/31/23,Prescient LLC,0,,60,60,Closure,,Prescient,8/31/23,0,,,Not specified,,Jefferson,,Sector 33: Manufacturing,0,8/31/23,,,,8/31/23
9/5/23,American Nursery Services,0,,25,25,Closure,,American Nursery Services,12/31/23,0,,,Not specified,,Unspecified,,Sector 44: Retail Trade,0,12/31/23,,,,9/12/23
9/7/23,Divvy Homes Inc.,0,,10 in CO / 95 total all states,10,,,Divvy Homes Inc.,11/7/23,0,,,"Sales asset Mgmt, escrow and engineer positions",,Unspecified,,Sector 52: Finance & Insurance,0,11/7/23,,,,9/8/23
9/15/23,Amentum,0,,21,21,Completion of Project Milestone 4,,Amentum,11/17/23,0,,,"Operators, technicians, transporter coordinator, scheduler",,Pueblo,,"Sector: 56,2910: Remediation Services",0,11/17/23,,,,9/15/23
9/29/23,First Savings Bank,0,,135 (2 in CO),2,Reduction in Force,,First Savings Bank,11/30/23,0,,,Mortgage Banking Outside Mortgate & Mortgage Banking Underwriter,,Remote workers,,Sector: 52: Finance & Insurance,0,11/30/23,,,,9/29/23
10/2/23,Gannett (Pueblo Chieftian) - Update,,,2 employees extended until 10/15/23,,,,Gannett-Pueblo Chieftain Update,,,,,,,,,Sector 2022: Publishing,,,,,,10/2/23
10/3/23,Pfizer,0,,Not stated,Not Stated,Reduction in Force,,Pfizer,12/4/23,0,,,Not stated,,Boulder,,Sector 32: Manufacturing,0,12/4/23,,,,10/3/23
10/9/23,SMX Cargo LLC,0,,84,84,,,SMX Cargo LLC,12/17/2023,0,,,,,Denver,,561320/ Temporary Help Services,0,12/17/2023,,,,10/11/23
10/25/23,Cygnus Home Service dba Yelloh,0,,51,51,Closure,,Cygnus Home Services dba Yelloh,12/15/23,0,,,"Various including route sales people, material handlers, service operation",,"Pikes Peak, Arapahoe/Douglas, Denver, Larimer",,"72,2330: Mobile Food Service",0,12/15/23,,,,10/25/23
10/30/23,Depuy Spine LP (Johnson & Johnson),0,,67,5,Closure,,DePuy Spine LP,1/11/23,0,,,"Assembly/Packaging, Material Handling, Operations, Production, Warehouse",,Pikes Peak (El Paso),,"Sector 42,2450: Medical, Dental, Hospital & Supplies Merchant Wholesaler",0,12/29/23,,,,10/30/23
11/8/23,Dish Network LLC,0,,466,466,Reduction in Force,,Dish Network LLC,7/21/24,0,,,Various (See WARN),,Arapahoe/Douglas,,Sector 517111: Wired Telecommunications Carriers,0,1/7/24,,,,11/8/23
11/9/23,Dish Network LLC Supplement,0,,33,33,Reduction in Force,,Dish Network Supplement,7/22/23,0,,,Various (See WARN),,Arapahoe/Douglas,,Sector 517111: Wired Telecommunications Carriers,0,1/8/24,,,,11/9/23
11/21/23,Amentum,0,,54,54,Completion of PCAPP Milestones,,Amentum,1/31/2024,0,,,Various (See WARN),,Pueblo,,"Sector: 56,2910: Remediation Services",0,1/1/24,,,,11/21/23
11/27/23,Broadcom / VM Ware,0,,184,184,Merger Related,,Broadcomm - VM Ware,1/26/24,0,,,Not specified,,Broomfield,,Sector: 334413 Semi Conductor & Related Device Manufacturing,0,1/26/24,,,,11/27/23
12/1/23,Matheson Flight Extenders Inc.,0,,60,60,Closure,,Matheson Flight Extenders Inc,1/31/24,0,,,"Material Handlers, GSE Servicer, Station Manager, Supervisor",,Denver,,Sector 49: Transportation and Warehousing,0,1/31/24,,,,12/1/23
12/1/23,FSC Edge,0,,1,1,Closure,,FSC Edge,12/1/23,0,,,Not specified,,Broomfield,,Sector  51: Information,0,12/1/23,,,,12/1/23
12/28/23,Ascent Classical Academies,0,,313 total all locations,313,Unforseen - Contracts ending*,,Ascent Classical Academies,12/31/23,0,,,Not specified,,Multiple locations & Local Areas,,Sector 61: Educational Services,0,12/31/23,,,,12/28/23
12/28/23,Ascent Classical Academy of Douglas County,0,,149,149,Unforseen - Contracts ending*,,Ascent Classical Academies,12/31/23,0,,,Not specified,,Arapahoe/Douglas,,Sector 61: Educational Services,0,12/31/23,,,,12/28/23
12/28/23,Ascent Classical Academy of Northern Colorado,0,,87,87,Unforseen - Contracts ending*,,Ascent Classical Academies,12/31/23,0,,,Not specified,,Larimer,,Sector 61: Educational Services,0,12/31/23,,,,12/28/23
12/28/23,Ascent Classical Academy of Norther Denver,0,,33,33,Unforseen - Contracts ending*,,Ascent Classical Academies,12/31/23,0,,,Not specified,,Adams,,Sector 61: Educational Services,0,12/31/23,,,,12/28/23
12/28/23,Ascent Classical Academy of Grand Junction,0,,37,37,Unforseen - Contracts ending*,,Ascent Classical Academies,12/31/23,0,,,Not specified,,Mesa,,Sector 61: Educational Services,0,12/31/23,,,,12/28/23
12/28/23,Ascent Classical Academies of Corporate Office,0,,7,7,Unforseen - Contracts ending*,,Ascent Classical Academies,12/31/23,0,,,Not specified,,Jefferson,,Sector 61: Educational Services,0,12/31/23,,,,12/28/23
,NOTE: 313 employees notified by Ascent Classical Academies were hired by the new vendor.,,,2279,,* New contractor will likely hire employees,,,,,,,,,,,,,,,,,
3/11/21,DPI Specialty Foods,0,,122,122,Loss of Service Contract,,DPI Specialty Foods,5/10/22,0,,,"Field Sales Reps, Merchandisers Vacation Relief Associates, Reset Specialist",,Adams,,Sector 42: Wholesale Trade,0,5/10/22,,,,
12/30/21,513 Hotel Operating,0,,160,160,Sale of Company,,513 Hotel Operating,12/31/21,0,,,Various,,Pikes Peak/Teller,,Sector 72: Accomodation & Food Services,0,12/31/21,,,,
1/3/22,Good Samaritan - Bonell Community,0,,143,143,Closure,,Good Samaritan,3/5/22,0,,,Healthcare workers,,Weld,,Sector 62: Healthcare & Social Assistance,0,3/5/22,,,,
1-4-22,Twitter (Boulder),0,,87,87,Not disclossed,,Twitter Boulder,1/4/23,0,,,"Various: First Mid line Mgrs (14), Professionals (70), Sales workers (1), Admin (2)",,Boulder,,Sector 51: Information 519290 Web Search Portals & Other Info Services,0,1/4/2023,,,,
1-16-22,American Financing Company,0,,194,194,Unforeseeable business circumstances,,American Financing,12/23/22,0,,,Not provided,,AdWorks,,Sector 522310 : Mortgage and Nonmortgage Loan Brokers,0,11/18/2022,,,,
1/20/22,Zillow Group - Supplemental,0,,36,36,Closure,,Zillow Group,3/21/22,0,,,Not stated,,ADWorks,,Sector 53: Real Estate Rental & Leasing,0,1/3/22,,,,
2/17/22,Zillow Group - Supplemental,0,,39,39,Closure,,Zillow Group,4/18/22,0,,,Not stated,,ADWorks,,Sector: 53: Real Estate Rental & Leasing,0,3/21/22,,,,
2/18/22,Ready Responders Inc.,0,,1,1,Not disclosed,,Ready Responders Inc.,2/16/22,0,,,Director Product Security,,Not Disclosed,,Sector 62 Healthcare  & Social Services,0,2/1/22,,,,
3-17-22,Watsonville Community Hospital,Unknown,,Unknown,Unknown,Closure,,Watsonville Community Hospital,5/23/22,Unknown,,,Not stated,,Rural Consortium (Salida),,Sector 62: Healthcare & Social Assistance,0,5/16/22,,,,
3/21/22,Zillow Group - Supplemental,0,,44,44,Closure,,Zillow Group,5/20/22,0,,,Not stated,,ADWorks,,Sector 53: Real Estate Rental & Leasing,0,1/2/22,,,,
4/15/2022,Cripple Creek Care Center,0,,9,0,Closure,,Cripple Creek,7/30/2022,0,,,Health care professionals,,Pikes Peak/Teller,,Sector 62: Healthcare & Social Assistance,9,3/3/2022,,,,
5/2/22,Sparboe Farms,95,,95,0,Closure (Temporary),,Sparboe Farms,6/2/22,0,,,Various (See WARN),,Weld,,"Sector: 11: Agriculture, forestry, fishing & hunting",0,05/04/22,,,,
5/11/22,Watsonville Community Hospital (Update),0,,658,658,Closure (Sale of Business),,Watsonville Community Hospital,7/21/22,0,,,Various (See WARN),,Rural Consortium (Salida),,Sector 62: Healthcare & Social Assistance,0,7/14/22,,,,
6/1/2022,All Money Financial Group,0,,10,10,COVID/Pandemic,,,9/26/22,0,,,Not stated,,Denver,,Sector 52: Finance and Insurance,0,9/26/2024,,,,
6/13/22,Total Energy Solutions,6,,6,0,Lost funding,,Total Energy Solutions,6/24/22,0,,,Not stated,,PikePeak/Teller,,Sector 22: Utilities,0,6/13/2022,,,,
6/23/2022,"Integrated Health Services at Colorado Springs, Inc.",0,,144,144,Closure,,Integrated Health,8/22/2022,0,,,Health care professionals,,Pikes Peak/Teller,,Sector 62: Healthcare & Social Assistance,0,8/22/2022,,,,
6/23/22,Vivage,0,,144,144,Closure,,Vivage,8/22/22,0,,,"RN, LPN, C.N.A, Dining Aides, Activity Aides, Housekeepers, Laundry Aides, Central Supply, HR, Business Office Manager, AP Specialist",,Pikes Peak/Teller,,Sector 62: Healthcare & Social Assistance,0,8/22/2022,,,,
7/11/2022,Watsonville Community Hospital (Update),0,,673,673,Closure (Sale of Business),,Watsonville Community Hospital (Update),8/31/2022,0,,,Various (See WARN),,Rural Consortium (Salida),,Sector 62: Healthcare & Social Assistance,0,8/17/2022,,,,
7/12/22,HSS Inc.,0,,230,230,Loss of Contract w/City of Denver,,HSS Inc.,9/30/22,0,,,See WARN,,Denver,,Sector 56: Administrative and Support and Waste Management and Remediation Services,0,9/1/2022,,,,
8/1/22,Metco Landscaping (Arvada),0,,60,60,Unforseen Business Circumstance,,Metco Arvada,7/28/22,0,,,See WARN,,Jefferson,,Sector 561730: Landscaping,0,7/28/22,,,,
8/1/22,Metco Landscaping (Aurora HQ),0,,165,165,Unforseen Business Circumstance,,Metco Aurora HQ,7/28/22,0,,,See WARN,,ADWorks,,Sector 561730: Landscaping,0,7/28/22,,,,
8/1/22,Metco Landscaping (Aurora),0,,44,44,Unforseen Business Circumstance,,Metco Aurora,7/28/22,0,,,See WARN,,ADWorks,,Sector 561730: Landscaping,0,7/28/22,,,,
8/1/22,Metco Landscaping (Colo Springs),0,,36,36,Unforseen Business Circumstance,,Metco Colo Springs,7/28/22,0,,,See WARN,,El Paso,,Sector 561730: Landscaping,0,7/28/22,,,,
8/1/22,Metco Landscaping (Englewood),0,,38,38,Unforseen Business Circumstance,,Metco Englewood,7/28/22,0,,,See WARN,,ADWorks,,Sector 561730: Landscaping,0,7/28/22,,,,
9/29/22,Chord Energy,0,,104,104,Merger wth Whiting & Oasis,,Chord Energy,6/30/2023,0,,,Various (See WARN),,Denver,,Sector: 22 Utilities 118 Other Electrical Power Generators,0,12/1/2022,,,,
9/29/22,Platerra Foods,0,,121,121,Closure - Cease Operations,,Platerra,12/20/22,0,,,Not stated,,"Denver, Boulder",,"Sector 31, 311: Food Manufacturing",0,11/30/2022,,,,
10/20/22,Starry Inc.,0,,41,41,Business Changes,,Starry Inc.,10/21/22,0,,,Various (See WARN),,ADWorks,,Sector 51: Information,0,10/21/2022,,,,
11/9/22,Astra Space Inc.,0,,72 (1 in CO),1 (of 72 in CO),Refocus business operations,,Astra Space inc.,11/9/22,0,,,Various (See WARN),,Pikes Peak/Teller,,Sector 336414: Guided Missile and Space Vehicle Manufacturing,0,11/9/2022,,,,
11/21/22,Rume Health,0,,1,1,Unknown,,,1/20/23,0,,,Trainer,,Denver,,Sector 62:Healthcare & Social Assistance,0,1/20/2023,,,,
11/25/22,Twitter (Boulder) Supplemental,0,,38 (voluntarily resigned),38 (resigned voluntarily),Voluntary Resignation,,Twitter Supplemental,1/20/23,0,,,Various (See WARN),,Boulder,,Sector 51: Information 519290 Web Search Portals & Other Info Services,0,1/20/2023,,,,
12/2/22,Inscripta,0,,43,43,Closure/Reduction in Force,,Inscripta,,0,,,Various (See WARN),,Boulder,,"Sector 54: Professional, Scientific Services",0,,,,,
12/14/22,Centura Porter Place,0,,55,55,Closure of Retirement Center,,Centura Porter Place,2/17/23,0,,,Various (See WARN),,Denver,,Sector 62: Healthcare & Social Assistance,0,2/17/2023,,,,
1/3/23,Wanzek Construction,0,,666,666,Cancellation of Contract,,Wanzek Construction,1/3/23,0,,,Unknown,,Pueblo,,Sector 23: Construction,0,1/3/2023,,,,
TOTAL,,,,2857,,,,,,,,,,,,,,,,,,,
4/21/2019,SSDI,2,,,3,Other,,,4/21/2021,4,,,SSDI,,,4,Sector 81: Other services (except public administration),,4/21/2019,,,,
9/1/2020,Monkey's Avatar,2,,,0,COVID/Pandemic Related,,,12/31/2020,0,,,Monkeys Avatar,,,Administrative,Sector 56: Administrative and support and waste management and remediation services,,9/15/2020,,,,
10/1/2020,Haley A Jackson,0,,,1,COVID/Pandemic Related,,,10/1/2021,0,,,Haley Jackson,,,House cleaning,"Sector 54: Professional, scientific and technical services",,10/1/2020,,,,
1/8/2021,Southwest Airlines - Update,0,,,0,Layoffs Rescinded,,,N/A,0,,,Southwest Airlines Update,,,556 furloughs were rescinded,Sector 48: Transportation & Warehousing,,N/A,,,,
1/14/21,Strive Communities Management,0,,,76,Closure due to sale,,,3/28/21,0,,,Strive Communities Management,,,Various: See WARN,Sector:53: Real Estate Rental & Leasing/531190,,3/15/21,,,,
1/25/21,Concentrix,0,,,107,Closure,,,3/31/21,0,,,Concentrix,,,Not dislclosed,Sector 51: Information,,3/31/21,,,,
1/29/21,United Airlines,0,,,10,COVID-19 Decrease in air travel,,,3/31/21,983,,,United Airlines,,,"Front line employees, management & administration positions",Sector 48: Transportation & Warehousing,,3/31/21,,,,
2/17/21,Vestas Blades America Inc.,0,,,280,Reduction in Force,,,4/17/21,0,,,Vestas Blades America,,,Not dislclosed,Sector 22: Utilities/Wind Electric Power Generation,,4/17/21,,,,
2/18/21,Crestview Management LLC/Columbia Sussex Management,0,,,93,Change of Management Company,,,4/1/21,0,,,Crestview Management LLC,,,Not disclosed,Sector 53: Real Estate Rental & Leasing / 531311- Residential Property Managers,,4/1/21,,,,
2/18/21,Johnson & Wales University,0,,,107,Closure,,,5/4/21,0,,,Johnson & Wales University,,,Not dislclosed,Sector: 61 Educational Services,,5/4/21,,,,
2/22/2021,Orion Logistics LLC - Amazon Delivery Service Partner,2,,,87,Other,,,2/27/2021,0,,,Orion Logistics,,,Delivery Drivers,Sector 48-49: Transportation and warehousing,,12/27/2020,,,,
2/26/21,PomeroyTechnologies,0,,,44,RIF: Loss of contract,,,4/30/21,0,,,Pomeroy Technologies,,,Various:See WARN,Sector 42: Consumer Electronics & Computers Retail,,4/30/21,,,,
3/11/2021,Hill,3,,,3,COVID/Pandemic Related,,,3/11/2021,3,,,Hill,,,3,Sector 72: Accommodation and food services,,1/17/2019,,,,
3/23/21,Santander Consumer USA,0,,,417,Restructuring  & Closure,,,12/31/21,0,,,Santander Consumer USA,,,"Primarily collections agents, customer service representatives and management",Sector 55:  Management of companies & enterprises,,12/31/21,,,,
3/24/21,"Novartis Gene Therapies, Inc.",0,,,400,Closure of facility,,,7/29/21,0,,,Novartis,,,Not disclosed,Sector 32: Manufacturing/pharmaceutical preparation manufacturing,,7/9/21,,,,
4/13/21,TTECH Services Corporation,0,,,252,Closure,,,7/10/21,0,,,TTECH Services Corporation,,,Hourly customer service positions,Sector 51: Information,,6/26/21,,,,
4/23/21,ART Asset Adjusters,0,,,5,Loss of Business/COVID related,,,4/23/21,0,,,ART Asset Adjusters,,,"Asset Services, data services, and recovery agents",Sector 56: Asset Adjusters,,4/23/21,,,,
5/6/21,ABM,0,,,233,Loss of contract,,,5/31/21,0,,,ABM,,,"Cleaner, leads, floor techs, district manager, zone manager & administration positions",Sector 56: Facilities Support Services,,5/31/21,,,,
5/19/21,T. Rowe Price,0,,,287,Other,,,8/1/21,0,,,T. Rowe Price,,,Various:See WARN,Sector 52: Investment Banking and Securities Dealing,,8/1/21,,,,
6/1/21,Katerra Inc.,0,,,102,Closure,,,8/5/21,0,,,Katerra Inc.,,,"Various: Project engineers, apprentices, carpenters, construction managers, Foremen",Sector 23: Construction,,6/4/21,,,,
6/3/21,Katerra Inc. Update Supplemental,0,,,-,Seeking alternative financing that may impact layoffs,,,8/5/21,0,,,Katerra Inc. Supplemental,,,"Various: Project engineers, apprentices, carpenters, construction managers, Foremen",Sector 23: Construction,,6/4/21,,,,
6/4/2021,T&H Services LLC,50,,,0,Other,,,8/6/2021,50,,,T&H Services LLC,,,Unsure of total impact at this time - Government Budget impacts are not completely apparent,Sector 23: Construction,,8/5/2021,,,,
6/22/2021,"Computer Task Group, Inc",0,,,89,Other,,,8/31/21,0,,,Computer Task Group,,,"Customer Service Representatives (85), Account Manager (1), Staff Support Manager (2), Director (1)","Sector 54: Professional, scientific and technical services",,8/31/2021,,,,
7/2/21,Katerra Inc. Update Supplemental2,0,,,-,Seeking sale or purchase,,,8/5/21,0,,,Katerra Inc. Supplemental 2,,,"Various: Project engineers, apprentices, carpenters, construction managers, Foremen",Sector 23: Construction,,6/4/21,,,,
7/6/21,Walmart Store #6177,0,,,85,Closure,,,10/8/21,0,,,Walmart,,,Not stated,Sector 45: Retail Trade,,7/23/21,,,,
7/15/2021,"Process Solutions of Durango, Inc.",0,,,0,COVID/Pandemic Related,,,12/31/2021,2,,,Process Solutions,,,Not disclosed,Sector 31-33: Manufacturing,,7/15/2021,,,,
7/30/21,United Airlines Update,0,,,434,Outsourcing,,,11/2/21,0,,,United Airlines Update,,,Food service workers,Sector 48: Transportation & Warehousing,,10/19/21,,,,
8/2/2021,Continuum of Colorado,0,,,8,Closure,,,10/2/21,0,,,Continuum of Colorado,,,Direct Support Professional,Sector 81: Other services (except public administration),,10/2/2021,,,,
8/15/2021,The beez kneez organic gardens,2,,,4,COVID/Pandemic Related,,,5/1/2021,0,,,Beez Kneez,,,Gardeners and landscapers,Sector 81: Other services (except public administration),,7/20/2020,,,,
9/7/2021,Continuum of Colorado,0,,,5,Closure,,,11/8/21,0,,,Contiuum of Colorado,,,Direct Support Professional,Sector 81: Other services (except public administration),,11/8/2021,,,,
9/7/2021,Continuum of Colorado,0,,,9,Closure,,,11/8/21,0,,,Continuum of Colorado,,,Direct Support Professionals,Sector 81: Other services (except public administration),,11/8/2021,,,,
9/9/2021,Crestone Peak Resources LLC,0,,,56,Acquisition of Company,,,10/15/2021,0,,,Crestone Peak Denver,,,All,"Sector 21: Mining, quarrying and oil and gas extraction",,10/15/2021,,,,
9/9/2021,Crestone Peak Resources LLC,0,,,90,Acquisition of Company,,,10/15/2021,0,,,Crestone Peak Weld,,,All,"Sector 21: Mining, quarrying and oil and gas extraction",,10/15/2021,,,,
9/9/2021,Crestone Peak Resources LLC,0,,,13,Acquisition of Company,,,10/15/2021,0,,,Crestone Peak ADW,,,All,"Sector 21: Mining, quarrying and oil and gas extraction",,10/15/2021,,,,
9/13/2021,Moore Bros,0,,,3,COVID/Pandemic Related,,,9/13/2021,3,,,Moore Bros,,,Selling and building,Sector 23: Construction,,9/13/2021,,,,
10/7/2021,First Nation Group,0,,,12,Unforeseeable Business Circumstances,,,11/5/2021,0,,,First Nation,,,Unknown,Sector 42: Wholesale Trade Durable Goods,,10/7/21,,,,
11/4/21,Zillow Group,0,,,20,Eliminating Zillow Offers Line of Business,,,12/31/22,0,,,Zillow Group,,,Unknown,Sector 53: Real Estate Rental & Leasing,,1/3/22,,,,
11/18/21,Zillow Group Update 11-18-21,0,,,1,Eliminating Zillow Offers Line of Business,,,1/17/22,0,,,Zillow Group Update 11-18-21,,,Unknown,Sector 53: Real Estate Rental & Leasing,,1/17/22,,,,
11/22/21,Ouray Silver Mines,0,,,83,Unforeseeable Business Circumstances,,,12/22/21,0,,,Ouray Silver Mine,,,"Mine, surface, maintenance, warehouse, mill accounting, technical, environmental","Sector 21: Mining, Quarrying, and Oil & Gas Extraction",,12/22/21,,,,
11/29/21,HSS Inc.,0,,,94,Unforeseeable Business Circumstances,,,12/31/21,0,,,HSS Inc.,,,"Security Agents and Officers, supervisors, and scheduler",Sector 62: Healthcare and Social Assistance,,12/31/21,,,,
12/20/21,Monitronics International- Brinks Home,0,,,"61 total, 4 in CO",Eliminating Field Operations,,,10/10/21,0,,,Monitronics International - Brinks Home,,,Field Sales & Management,Sector 561621: Security Systems Services,,10/10/21,,,,
12/30/21,513 Hotel Operating LLC,0,,,160,Sale of Company,,,12/31/21,0,,,513 Hotel Operating LLC,,,Various hotel staff (See WARN for details),Sector 72: Accomodation and food services,,12/31/21,,,,
8/31/2020,,,,3,,COVID 19 Extended Furlough,,Avis Budget Group,,3,,,"Account Manager, Analyst Q&A, Local Sales Market Manager",,ADW,,53,,8/31/20,,,,
6/30/2020,ABM,178,,178,,COVID - Temporary,,ABM,,,,,"Various: Supervisor, Administrative Assistant, Shuttle Driver and Bus Attendants",,Denver,,56,,4/10/2020,,,,
9/8/2020,Airport Management Services & Hudson Group,23,,45,22,"COVID 19 - 22 permanent, 23 temporary",,Airport Mgmt Services & Hudson Group,,,,,"Service Associates including stock and warehouse, Supervisors; 22 permanent, 23 Temporary",,Denver,,48,,10/1/20,,,,
8/17/2020,Alamo Drafthouse Cinema Littleton - Update,72,,87,,COVID - Temporary,,Alamo Drafthouse Littleton - Update,,,,,Not disclosed,,Arapahoe/Douglas,,72,,8/17/20,,,,
8/17/2020,Alamo Drafthouse Cinema Sloans Lake Update,87,,87,,COVID - Temporary,,Alamo Drafthouse Sloans Lake Update,,,,,Not disclosed,,Denver,,72,,8/17/20,,,,
8/17/2020,Alamo Drafthouse Cinema Westminster  - Update,87,,87,,COVID - Temporary,,Alamo Westminster Update,,,,,Not disclosed,,Adams,,72,,8/17/20,,,,
4/30/2020,Alamo Rent-A-Car,67,,67,,Mass Layoff - Permanent,,Alamo Rent-A-Car,,,,,"Various: Customer Service Agent, Service Agent, DOT Bus Driver, Exit Booth, Greeter",,Denver,,53,,4/3020,,,,
3/20/2020,Alsco,,,85,,Furlough,,Alsco,,85,,,"Production, Route Sales Representatives",,Denver,,81,,3/20/20,,,,
7/15/2020,American Airlines,,,109,2,"COVID-19 - 2 Permanent, 107 Temporary Fulough",,American Airlines,,107,,,Not Disclosed,,Denver,,48,,10/1/20,,,,
11/6/2020,American Pathology Partners and APP-UniPath,,,154,154,Permanent,,American Pathology Partners,,,,,"Logistics, histology, accessioning, molecular services, cytology, administration, sales, client relations, hospital services, clinical services",,Denver,,62,,1/6/21,,,,
8/28/2020,Ameristar Casino Resort & Spa Black Hawk,,,58,58,COVID - Permanent,,Ameristar - Update,,,,,Various,,Jefferson,,72,,11/1/20,,,,
6/11/2020,Ameristar Casino Resort Spa,,,117,117,Mass Layoff- Permanent,,Ameristar Casino Resort Spa,,,,,Not disclosed,,Gilpin/Jefferson,,72,,9/15/2020,,,,
9/29/2020,Anheuser- Busch - Loveland,,,71,71,Sale of Company,,Anheuser-Busch,,,,,"Various: sales, drivers and more",,Larimer,,31,,12/4/2020,,,,
9/29/2020,Anheuser-Busch - Colo springs,,,59,59,Sale of Company,,Anheuser-Busch,,,,,"Various: drivers, drivers, merchandiser, and more (see WARN)",,Pikes Peak,,31,,12/4/2020,,,,
9/29/2020,Anheuser-Busch - Denver,,,220,220,Sale of Company,,Anheuser-Busch,,,,,"Various: analysts business development, marketing, driver, mechanics and more (see WARN)",,Denver,,31,,12/4/2020,,,,
9/29/2020,Anheuser-Busch - Littleton,,,50,50,Sale of Company,,Anheuser-Busch,,,,,"Various: analysts, drivers, sales, warehouse and more (see WARN)",,Arapahoe/Works,,31,,12/4/2020,,,,
9/10/2020,"Antlers, a Wyndham Hotel",20,,28,8,"COVID 19 - 8 permanent, 20 temporary",,Antlers Wyndham Hotel,,,,,"Sales admin, barista, line cook, restaruant manager, security officer, bartender, valet gift shop attendant, server, steward and others. 288 permanent, 20 temporary",,Pikes Peak,,72,,9/10/20,,,,
4/13/2020,Aqua Hot Heating Systems,,,10,,Furlough,,Aqua,,10,,,Various,,Weld,,33,,3/26/20,,,,
5/4/2020,Arabelle at Vail Square,17,,17,,COVID - Temporary,,Arabelle,,,,,17 EMPLOYEES TOTALING 99,,Rural Resort,,72,,Not available,,,,
10/16/2020,Aramark at Coors Field,71,,71,,COVID-Temporary,,Aramark Coors Field,,,,,Various,,Denver,,72,,Unknown,,,,
10/16/2020,Aramark at Mission Ballroom,904,,904,,COVID-Temporary,,Aramark Mission Ballroom,,,,,Various,,Denver,,72,,Unknown,,,,
3/31/2020,Arapahoe Fitness LLC,,,97,,Furlough,,Arapahoe Fitness,,97,,,"Managers, Trainers, Front Desk, Member Sales, Instuctors",,Arapahoe/Dougless,,71,,3/31/20,,,,
4/6/2020,Arrabelle at Vail Square,82,,82,,COVID-19 Temporary Closure,,Arrabelle at Vail,,,,,Unspecified,,Rural Consortium,,72,,4/6/20,,,,
3/31/2020,Aurora Health & Fitness,,,52,,Furlough,,Aurora Health & Fitness,,52,,,"Managers, Trainers, Front Desk, Member Sales, Instuctors",,Arapahoe/Dougless,,71,,3/31/20,,,,
8/31/2020,Avis Budget Group (ADW - Englewood),,,2,,COVID 19 Extended Furlough,,Avis Budget Group,,2,,,Technicians,,ADW,,53,,8/31/20,,,,
8/31/2020,Avis Budget Group (Denver),,,2,,COVID 19 Extended Furlough,,Avis Budget Group,,2,,,"Sales Performance Manager, Territority Performance Manager",,Denver,,53,,8/31/20,,,,
4/10/2020,Avis Budget Group/Avis Budget Car Rental,,,260,260,Fulough and Permanent,,Avis Budget Group,,,,,"Agents, Customer Service Reps, Associate Rental Sales, Administrative, mechanic, shuttlers etc.",,Denver,,53,,3/13/20,,,,
5/2/2020,Barcelona Wine Bar,69,,69,,COVID-19: Mass Layoff,,Barcelona Wine Bar,,,,,Not Disclosed,,Denver,,72,,3/18/20,,,,
4/1/2020,Bartaco,53,,53,,Mass Layoff- Temporary,,Bartaco,,,,,Not disclosed,,Boulder,,72,,3/21/20,,,,
4/15/2020,Basic Energy Services,,,51,51,Permanent,,Basic Energy Srvs,,,,,Various: Managers & Supervisors,,Rural Consortium - Eastern Sub-Area,,21,,4/15/20,,,,
4/23/2020,Basic Energy Services (Updated),,,26,26,Permanent,,Basic Energy Services,,,,,"Equipment Operators, Mechanics, Field Supervisor, Welder, Staff Assistant",,Ft. Morgan,,21,,4/23/20,,,,
4/23/2020,Basic Energy Services (Updated),,,26,26,Permanent,,Basic Energy Update,,,,,"Equipment Operators, Mechanic, Field Supervisor-Pumping Services, Machinist, Welder, Staff Assistant",,Rural Consortium - Eastern,,21,,4/23/20,,,,
4/6/2020,Beaver Creek Resort,297,,297,,COVID-19 - Temporary Closure,,Beaver Creek,,,,,Unspecified,,Rural Consortium,,72,,4/6/20,,,,
5/4/2020,Beaver Creek Resort,26,,26,,COVID - Temporary,,Beaver Creek Resort,,,,,26 ADDITIONAL tOTALING 323,,Rural Resort,,72,,Not available,,,,
4/17/2020,Bed Bath & Beyond,,,98,,COVID-19 - Furloughs,,Bed Bath & Beyond,,98,,,Not Disclosed,,Araphaoe/Douglas,,44,,4/4/20,,,,
4/6/2020,Bicycle Village,65,,65,,COVID-19 - Temporary Closure,,Bicycle Village,,,,,Unspecified,,"Multiple: A/D, Boulder, Rural Consortium",,45,,4/6/20,,,,
5/4/2020,Bicycle Village,1,,1,,COVID - Temporary,,Bicycle Village,,,,,1 ADDITIONAL TOTALING 62,,Rural Resort,,45,,Not available,,,,
5/22/2020,Bluprint (3 locations),,,137,137,Closure - Permanent,,Bluprint,,,,,"Various: Photographers, Product Managers, Customer Support, Engineers, Editors and Others",,Denver,,54,,7/22/20,,,,
5/4/2020,Breckenridge Ski Resort,24,,24,,COVID - Temporary,,Breckenridge Ski Resort,,,,,24 ADDITIONAL TOTALING 129,,Rural Resort,,71,,Not available,,,,
5/4/2020,Breckenridge SSBRK,55,,55,,COVID - Temporary,,Breckenridge SSBRK,,,,,Not Disclosed,,Rural Resort,,71,,Not available,,,,
4/6/2020,Brekenridge Ski Resort,105,,105,,COVID-19 - Temporary Closure,,Breckenridge Ski,,,,,Unspecfiied,,Rural Consortium,,71,,4/6,,,,
5/21/2020,Brown Palance Denver,298,,298,,COVID-19 Temporary,,Brown Palace,,,,,"Various: Cooks, Food Servers, Bussers, Laundry, Banquet Servers, Hostesses and more.",,Denver,,72,,5/21/20,,,,
3/23/20,Calimira dba Rusty Bucket Restraunt & Tavern,65,,65,,COVID-19/Temporary Closure,,Rusty Bucket,,,,,Not disclosed,,Adams,,72,,3/16/20-3/20/20 and 3/21/20-3/31/20,,,,
12/8/2020,Cameron Mitchell Restaurants - AD,56,,56,,COVID Temporary,,Cameron Mitchell Restaurants AD,,,,,"servers, bartenders, managers, cooks, chefs, home office employees, directors and executives",,Arapahoe/Douglas,,72,,11/20/20-11/30/20,,,,
12/8/2020,Cameron Mitchell Restaurants-Denver,70,,70,,COVID - Temporary,,Cameron Mitchell Restaurants-Denver,,,,,"servers, bartenders, managers, cooks, chefs, home office employees, directors and executives.",,Denver,,72,,11/20/20-11/30/290,,,,
11/17/2020,Centerplate Sodexo,276,,276,,COVID - Temporary,,Centerplate Sodexo,,,,,Various,,Denver,,42,,12/16/20,,,,
4/8/2020,City of Fort Lupton,,,78,,Furlough,,Ft Lupton,,78,,,,,Weld,,92,,4/18/20,,,,
3/23/2020,ClearChoice,120,,120,,COVID-19/Temporary Closure,,Clear Choice,,,,,55 layoffs and 13 furloughs,,ADWorks,,62,,3/23/20,,,,
3/26/2020,Colombo,21,,21,,COVID-19 - Temporary Closure,,Columbo,,,,,undisclosed,,Denver DIA,,72,,3/29/20,,,,
3/30/2020,Colorado Athletic Club - Boulder,,,186,,Furlough,,Colo Athletic Boulder,,186,,,Not disclosed,,Boulder,,79,,3/20/20,,,,
3/30/2020,Colorado Athletic Club - DTC,,,115,,Furlough,,Colorado Athletic - DTC,,115,,,Not disclosed,,Arapahoe/Dougless,,79,,3/20/20,,,,
3/30/2020,Colorado Athletic Club - Flatiron,,,115,,Furlough,,Colorado Athletic Flatiron,,115,,,Not disclosed,,Boulder,,79,,3/20/20,,,,
3/30/2020,Colorado Athletic Club - Inverness,,,135,,Furlough,,Colorado Athletic Inverness,,135,,,Not disclosed,,Arapahoe/Dougless,,79,,3/20/20,,,,
3/30/2020,Colorado Athletic Club - Monaco,,,192,,Furlough,,Colorado Athletic Monaco,,192,,,Not disclosed,,Denver,,79,,3/20/20,,,,
3/30/2020,Colorado Athletic Club - Tabor Center,,,144,,Furlough,,Colo Athletic Tabor Ctr,,144,,,Not disclosed,,Denver,,79,,3/20/20,,,,
3/30/2020,Colorado Athletic Club - Union Station,,,88,,Furlough,,Colorado Athletic Union Station,,88,,,Not disclosed,,Denver,,79,,3/20/20,,,,
3/31/2020,Colorado Fitness Holdings,,,59,,Furlough,,Col Fitness Holdings,,59,,,"Managers, Trainers, Front Desk, Member Sales, Instuctors",,Pikes Peak,,79,,3/31/20,,,,
4/6/2020,Colorado Mountain Express,198,,198,,COVID-19 - Temporary Closure,,CO Mtn Express,,,,,Unspecified,,"Multiple: Rural Consortium, Denver",,48,,4/6/20,,,,
5/4/2020,Colorado Mountain Express,13,,13,,COVID - Temporary,,Colorado Mtn Express,,,,,Not Disclosed; 13 additional totaling 211,,Rural Resort,,48,,Not available,,,,
4/6/2020,Colorado Ski & Golf,133,,133,,COID-19 - Temporary Closure,,CO Ski & Golf,,,,,Unspeficied,,"Multiple: A/D, Pikes Peak, Jeffco",,45,,4/6/20,,,,
5/4/2020,Colorado Ski & Golf,10,,10,,COVID - Temporary,,Colorado Ski and Golf,,,,,Not Disclosed; 10 additional totaling 143,,Rural Resort,,45,,Not available,,,,
5/8/2020,Cox Automotive,163,,163,,COVID - Temporary,,Cox Automotive,,,,,Not Disclosed,,Arapahoe/Douglas,,51,,5-17-20,,,,
3/27/2020,Curtis Hotel,182,,182,,COVID-19 - Temporary Closure,,Curtis Hotel,,,,,"Wait staff, bartenders, parking attendants, cooks, front desk, baristas, bellmen, room attendants",,Denver,,72,,3/27/20,,,,
7/6/2020,Curtis Hotel Update,,,136,,COVID Permanent,,Curtis Hotel Update,,136,,,"Housekeeping, prep cooks, banquet service, baristas, wait staf, bellman,  and more.",,Denver,,72,,6/5/20 to 6/22/20,,,,
5/15/2020,Czarnowski,53,,53,,COVID-Temporary,,Czarnowski,,,,,"Various: 3D Designer, Account Mgr, Admin Graphics, Carpenters, Proj Mgr and more",,Denver,,54,,"5/22/20, 5/26/20, 5/29/20",,,,
6/5/2020,Czarnowski - Update,,,9,,Temporary furloughs,,Czarnowski - Update,,9,,,"Various:  3D Designer, Account Manager, Inventory, Carpenter Inventory Control, CNC Operator, Warehouse, Rental",,Denver,,54,,"6/10/20, 6/17/20, 6/22/20, 6/26/20",,,,
7/15/2020,Czarnowski Update,20,,20,,COVID Temporary,,Czarnowski Update,,,,,"Account Managers, Carpenters, Accounting Assitants, CAD, data entry Rental CAD, Rental designer and more",,Denver,,54,,7/18/20-8/11/20,,,,
9/8/2020,Dave and Busters Denver,,,136,,COVID 19 Permanent,,Dave & Busters Denver,,136,,,Not specified,,Denver,,72,,11/8/20,,,,
9/8/2020,Dave and Busters Westminster,,,98,,COVID 19 Permanent,,Dave & Busters Westminster,,98,,,Not specified,,Adams,,72,,11/8/20,,,,
7/28/2020,Delaware North Company,96,,96,,COVID Temporary,,Delaware North Company,,,,,"Various: Bartenders Cocktail Servers, Cooks, Utility workers, Stand Attendants, and more",,Denver,,72,,7/28/20,,,,
8/10/2020,Deliverol Global,,,53,,Permanent Mass Layoff (Ending Contract),,Deliverol Global,,53,,,"Various: Delivery Associates, Shift and Site Leads",,Denver,,49,,8/10/20,,,,
3/17/2020,Dels Diner,14,,14,,COVID-19-Temporary Closure,,Del's Diner,,,,,"cooks, waitresses, management",,Rural Consortium,,72,,3/17/20,,,,
5/27/2020,Denver Center for Performing Arts,151,,151,,Mass Layoff -Temporary/Some Permanent,,Denver Center for Performing Arts,,,,,"Various: Ticket Agents, Stage Hands, Office Managers, Production Electricians and Ohters",,Denver,,72,,6/1/20,,,,
5/8/2020,Denver Crown Plaza,,,69,,Furloughs,,Crown Plaza,,69,,,"Various: Banquet Servers & Setup, Accounting Clerk, Engineer, Barista, Event Sales, Front Desk and others",,Denver,,72,,3/12/20,,,,
4/8/2020,Discovery Natural Resources,,,28,,Furlough,,Discovery,,28,,,Not disclosed,,Denver,,21,,4/8/20 - 5/1/20,,,,
7/31/2020,Double Tree by Hilton Update -3203 Quebec,103,,103,,COVID Temporary,,Doubletree 3203 Quebec,,,,,Not disclosed,,Denver,,72,,7/31/20,,,,
5/15/2020,DoubleTree Colorado Springs,177,,177,,COVID-19 Temporary,,Doubletree,,,,,"Various: Accounting Personnel, Sales and Event Managers, Operations Managers, Front Line Supervisors, Shuttle drivers",,Pikes Peak,,72,,3/16/20,,,,
4/2/2020,Doubletree Denver Tech Center,87,,87,,COVID-19 - Temporary Closure,,Doubletree DTC,,,,,Various: Request WARN for detail.,,Arapahoe/Douglas,,72,,3/13/20,,,,
10/20/2020,Doubletree Denver Tech Center,,,27,27,COVID-Permanent,,Doubletree Denver,,,,,Not specified,,Denver,,72,,10/22/20,,,,
4/2/2020,Doubletree Grand Junction,52,,52,,COVID-19 - Temporary Closure,,Doubletree GJ,,,,,Various: Request WARN for detail.,,Mesa,,72,,3/13/20,,,,
3/27/2020,Dynalectric Company,2,,2,,COVID 19- Temporary Closure,,Dynalectric,,,,,undisclosed,,Boulder,,23,,3/13/20,,,,
4/2/2020,Dynalectric Company,1,,1,,COVID-19 - Temporary Closure,,Dynalectric,,,,,Various: Request WARN for detail.,,Denver,,23,,3/30/20,,,,
4/10/2020,Dynalectric Company,,,1,,Furlough,,Dynalectric,,1,,,Not Disclosed,,Pikes Peak,,23,,4/18/20,,,,
3/25/2020,Earls Restaurants USA Inc.,134,,134,,COVID-19 - Temporary Closure,,Earls,,,,,"servers, dishwashers, cook, bartender, prep, setter dining & lounge, host +",,Denver & Arapahoe/Douglas,,72,,3/25/20,,,,
3/30/2020,Ebassy Suites Denver Downtown,118,,118,,COVID-19 Temporary Closure,,Embassy Suites,,,,,Variety of positions - Request WARN for detail,,Denver,,72,,3/19/20,,,,
6/19/2020,EcoGen Laboratories,,,101,,Mass Layoff- Permanent,,EcoGen,,101,,,Variety of postions - Request WARN for detail,,Grand Junction (Mesa),,33,,6/17/2020 - 7/1/2020,,,,
7/23/2020,EcoGen Laboratories - Update,,,101,,COVID Permanent,,EcoGen Labs - Update,,101,,,Not specified,,Mesa,,33,,5/26/20-July/22/20,,,,
7/23/2020,Ecogen Laboratories Update,,,168,,COVID Permanent,,Ecogen Update,,168,,,Not disclosed,,Mesa,,33,,7/23/20,,,,
3/26/2020,Einstein Brothers,34,,34,,COVID-19 - Temporary Closure,,Einstein Brothers,,,,,undisclosed,,Denver DIA,,72,,3/29/20,,,,
5/16/2019,Electro Rent,,,1,,COVID Furlough,,Electro Rent,,1,,,"Electronic Tech, Digital Demand Generation, IT Tech Support, Test Equipment Operator, Equipment Support Techs, Production Operator",,Boulder,,53,,,,,,
7/1/2020,Electro Rent,,,55,55,COVID Permanent,,Electro Rent Update,,,,,"Various: Equipment Support Techs, Electronic Techs, Customer Support Tech, Territory Account Mgrs, and more",,Denver,,53,,7/1/20,,,,
3/25/2020,Electronic Recyclers,26,,26,,COVID-19 Temporary Closure,,Electronic Recyclers,,,,,"Operators, environmental and Safety, production, truck driver, HR assistant, loss prevention",,Araphaoe/Douglas,,42,,3/24/20,,,,
3/27/2020,Elizabeth Hotel,111,,111,,COVID-19 - Temporary Closure,,Elizabeth Hotel,,,,,"Wait staff, bartenders, parking attendants, cooks, front desk, baristas, bellmen, room attendants",,Larimer,,72,,3/27/20,,,,
3/27/2020,Embassy Suites & Hilton Garden Inn Boulder,126,,126,,COVID-19 - Temporary Closure,,,,,,,Variety of positions - Request WARN for detail,,Boulder,,72,,3/27/20,,,,
5/15/2020,Embassy Suites Boulder -Update,61,,61,,Reinstate and COVID Temporary,,Embassy Suites Boulder,,,,,"Various: Cooks, Laundry, Managers, Breakfrast Attendnance and others; REINSTATING 95 AND LAYING OFF 61",,Boulder,,72,,6/13/20,,,,
6/26/2020,Embassy Suites by Hilton Colo Springs - Updated,,,57,,COVID-19 Permanent RIF,,Embassy Suites Colo Springs,,57,,,"Various: Banquet Server, Bartenders, Comp Bar, Cooks, Sales, Front Desk, Housekeepers, Maintenance and others",,Pikes Peak,,72,,7/1/20,,,,
6/26/2020,Embassy Suites by Hilton Denver Tech North  - Updated,,,56,,COVID-19 Permanent RIF,,Embassy Suites Denver,,56,,,"Various: Banquet Server, Bartenders, Comp Bar, Cooks, Sales, Front Desk, Housekeepers, Maintenance and others",,Denver,,72,,7/1/20,,,,
6/29/2020,Embassy Suites Denver Downtown Update,,,112,,COVID Permanent,,Embassy Suites Denver Downtown Update,,112,,,"Banquet servers, sales managers, housekeeping room attendants, dishwashers, servers and more",,Denver,,72,,6/29/20,,,,
4/30/2020,Enterprise and National Rent-A-Car,,,83,,Mass Layoff - Permanent,,Enterprise and National Rent-A-Car,,83,,,"Various: DOT Bus Drivers, Drivers, Return Agents, Maintenance Techs and others",,Denver,,53,,4/30/20,,,,
1/8/2019,AstraZeneca,,,210,,Closure,,,,,,,"Quality Control, technicians, engineers & others",,Boulder & Longmont,,,,3/22/19,,,,
10/23/2019,Backflip Studios,,,86,,Closure,,,,,,,"Various: creative roles, management, engineers, product managers",,Boulder,,,,12/23/19,,,,
9/23/2019,Brown Brothers Harriman & Co.,,,136,,Loss of Contract/Closure,,,,,,,Various: CPAs CPAs Administrative positions related to investments,,Arapahoe/Douglas,,,,11/25/19 - 9/30/20,,,,
2/5/19,"Conagra Brands, Inc.",,,100,,Closure,,,,,,,Not reported,,Boulder,,,,5/24/19 - 3/20/20,,,,
4/26/2019,Crothall Healthcare Environmental Services,,,283,,Closure,,,,,,,"Housekeepers,  Admin, Operations, Patient Ambassadors",,Arapahoe/Douglas,,,,6/30/19,,,,
10/30/2019,"Energes Services, LLC",,,121,,Closure,,,,,,,"Various: Construction, Maintenece, Admin",,Larimer,,,,"10/30/2019, 11/8/2019, 11/22/2019, 11/29/2019",,,,
1/7/2020,Geo Reentry Services LLC,,,196,,Mass Layoff,,,,,,,"Various: Corrections Personnel (136), Rehabilitation Providers/Therapists (23), General Admin (17), Food Service (6), Medical (14)",,Pikes Peak (Colo Springs),,,,3/6/2020,,,,
10/7/2019,Halliburton Energy Services Inc.,,,178,,Mass Layoff,,,,,,,"Various: Drivers, Service Coordinators, Planners, Material Handlers, Mechanic Technicians, Parts Techs, Coordinators",,Mesa,,,,10/7/19,,,,
11-1-19 received 11/19/19 via Local Area/Suthers office,HomeAdvisor,,,229,,Closure,,,,,,,Various: Predominately Sales Consultants and Project Advisors,,Pikes Peak,,,,1/1/20 to 1/14/20,,,,
3/21/19 (received  3/22/19),Invesco (OppenheimerFunds OFI),,,850,,Downsizing,,,,,,,Not disclosed in WARN,,Arapahoe/Douglas (Centennial),,,,5/25/19 (thru 18 mo following),,,,
12/10/2019,Jagged Peak Energy Inc,,,92,,Closure/Sale of Company/Restructuring,,,,,,,Various: Request WARN notification for specifics.,,Denver,,,,Closure 1/10/20- 04/10/20,,,,
9/30/2019,Levy Premium Foodservice LP,,,56,,Loss of Pepsi Center Contract,,,,,,,"Various Positions:  Servers (14), Cooks (13), Supervisors (6), Food Runners (4), Cashiers (3) and other positions",,Denver,,,,9/30/19,,,,
10/30/2019,Molson Coors,,,300,,Downsizing,,,,,,,Not disclosed in WARN,,Denver,,,,12/31/19,,,,
3/1/19 (received on 3/22/19),National Express Transit (NEXT),,,60,,Closure,,,,,,,"3 Managers and 57 hourly employees including General Manager, Saftety Manager/OPS, Drivers, Dispatchers, Dispatch Reservation Manager, Road Supervisors, Utility Workers, Scheduler, Reservationist",,Pikes Peak,,,,6/30/19,,,,
8/16/2019,Nestle USA Inc and Nestle Dreyer's Ice Cream,,,56,,Restructuring/Closure of site,,,,,,,"Various: Sales, Delivery Drivers, Merchandisers, Warehouse",,Denver,,,,10/18/19-12/31/19,,,,
10/29/2019,Oakwood Worldwide,,,1,,Mass Layoff,,,,,,,Operations Manager,,Denver,,,,12/30/2019,,,,
7/15/19 (received 7/16/19),PrimeFlight Aviation Services Inc.,,,439,,Loss of Contract with United Airlines,,,,,,,"Various positions: Cabin Appearance Staff (380), Inventory Control (17), Operations Managers, & other positions",,Denver,,,,9/18/19,,,,
1/18/2019,Pura Vida Fitness & Spa,,,134,,Closure,,,,,,,"Managers/Directors, therapists, instructors, & others",,Denver,,,,4/15/19,,,,
10/4/19,QCData,,,40-60,,Loss of Contract,,,,,,,Unknown,,Arapahoe/Douglas,,,,11/29/19 - 1/31/2020,,,,
1/15/2019,Resolute Natural Resources Company LLC,,,57,,Merger,,,,,,,"Various: administration, engineers, & others",,Denver,,,,3/1/19,,,,
1/26/2020,S4 Inc.,,,77,,Loss of Contract,,,,,,,Various: IT positions,,Pikes Peak,,,,Downsize 1/26/20,,,,
3/18/2019,"Sandoz Inc, A Novartis Division (Next Phase)",,,56,,Closure,,,,,,,"Management, Production Technicans, administrative, Material Handlers",,Broomfield,,,,5/18/19 - 6/1/19,,,,
1/7/19 & 4/6/2020,"Sandoz Inc., A Novartis Division (Update)",,,24,,Closure,,,,,,,"Production Technicians, Chemists, & more",,Broomfield,,,,4/13/19-5/30/19,,,,
7/6/19-7/31/19,Sandoz-Novartis,,,24,,Closure,,,,,,,"Lead Technicians (5), Equipment Maintenance Tech III (3), Production Technician III (16)",,Broomfield,,,,7/6/19 - 7/31/19,,,,
7/8/2019,Sandoz-Novartis,,,67,,Closure,,,,,,,"Various positions: Administrative, Chemist, Supply Chain, Production, Quality, Techs, Logistics",,Broomfield,,,,9/7/19 - 12/31/19,,,,
8/5/19,Sandoz-Novartis,,,37,,Closure,,,,,,,"Various Positions: Logistics Productioins Support, Compliance, Quality Engineer, HR Specialist, Trainer, Management",,Broomfield,,,,10/5/19-12/31/19,,,,
2/11/2019,Sandoz/Novartis (2nd Wave of Layoffs),,,116,,Closure,,,,,,,"Production technicians, chemists, process & others",,Broomfield,,,,4/13/19 - 5/19/19,,,,
10/24/19,Smithfield Fresh Meats Corporation,,,68,,Closure,,,,,,,"Various: General Labor, Crew Leaders, Equipment Operators, Forklift Operations and others.",,Denver,,,,12/31/19 to 3/26/20,,,,
2/13/2019,Spectrum Pharmaceuticals,,,3,,Divesting Product line/Sale to Acrotech Biopharma,,,,,,,"Application system analyst, data compliance officer, VP Sales",,Denver,,,,4/12/19,,,,
1/2/2019,The Inn at Cherry Creek,,,18,,Closure (Temporary 18-24 mo),,,,,,,"Front office, housekeeping, exec office, engineering & others",,Denver,,,,"3/3/19, 3/31/19",,,,
8/29/2019,Transform SR LLC (060401 & 01141 Units),,,80,,Change in Business Circumstances,,,,,,,"Various: Consultative Sales, Managers, Store Support, Fulfillment Center, Cashier, Auto Technicians, Customer Service",,Arapahoe/Douglas,,,,12/15/19,,,,
10/5/2019,TTEC Services Corporation,,,174,,Ending work-from-home ops,,,,,,,Primarily Customer Service Agents working in different locations across the U.S.,,Arapahoe/Douglas,,,,10/5/19,,,,
5/10/2019,Upsher-Smith Laboratories LLC,,,74,,Closure,,,,,,,"Various postions: Manufacturing Technicians, scientists, engineers, technical services, instrument controls, operations",,Denver,,,,8/2/19 - 3/31/20,,,,
3/25/2019,Westrock,,,61,,Closure,,,,,,,"Production workers, auditors, technicians & others",,Arapahoe/Douglas,,,,"3/25/19, 4/24/19, 5/24/19",,,,
1/9/2019,"WideOpenWest Networks LLC and WideOpenWest Illinois, LLC",,,203,,Downsize,,,,,,,"Customer Advocates, Business Tech Sup, Sales Retention Specialists & more",,Colorado Springs,,,,3/10/19  (184) & 5/31/19  (19),,,,
1/7/2020,Zahn Dental,,,54,,Reorganization and relocation,,,,,,,"Various: Customer Care, CAD Scanners, Finishing Technicians, Machine Operators, Finishing Technicians & others",,Jefferson (Golden),,,,3/9/2020,,,,
2/2/2019,"Advantage Logistics USA West LLC - Aurora, CO",,,272,,Closure (Cease Operations),,,,,,,,Arapahoe/Douglas,,,,,,,,,
2/2/2019,"Advantage Logistics USA West LLC - Fountain, CO",,,475,,Closure (Cease Operations),,,,,,,,Pikes Peak,,,,,,,,,
8/9/2018,Ameritrade Holding Company,,,8,,Reorganization,,,,,,,,Adams,,,,,,,,,
1/8/2019,AstraZeneca,,,210,,Closure,,,,,,,,Boulder & Longmont,,,,,,,,,
6/29/2018,Chipotle Mexican Grill,,,399,,Closure,,,,,,,,Denver,,,,,,,,,
05/24/19 - 3/20/2020,"Conagra Brands, Inc.",,,100,,Closure,,,,,,,,Boulder,,,,,,,,,
8/10/2018,Conduent Commercial Solutions LLC,,,410,,Change in business conditions,,,,,,,,Pikes Peak,,,,,,,,,
12/1/2018,Courtyard Care Center Nursing Home/Family Health West,,,51,,Closure,,,,,,,,Mesa County,,,,,,,,,
3/6/2018,Covenant Care at Home,,,67,,Closure,,,,,,,,Adams,,,,,,,,,
2/12/2018,CPI Card Group,,,79,,Closure,,,,,,,,Arapahoe/Douglas,,,,,,,,,
10/22/2018,Crothall Healthcare/ Patient Transport Dept,,,65,,Cease operations,,,,,,,,Adams,,,,,,,,,
2/12/2018,Davita Clinical Research,,,41,,Other,,,,,,,,Jefferson,,,,,,,,,
6/1/2018,Davita Clinical Research,,,41,,Closure,,,,,,,,Jefferson,,,,,,,,,
5/31/2018,DCT Industrial,,,55-59,,Closure,,,,,,,,Denver,,,,,,,,,
7/27/2018,Dex YP,,,39,,Closure,,,,,,,,Arapahoe/Douglas,,,,,,,,,
6/29/2018,Dream Center Education Holdings Inc/The Art Institute,,,160,,Closure,,,,,,,,Denver,,,,,,,,,
7/20/2018,Dream Center Education Holdings LLC/Art Institute UPDATED to 12/31/18 closure date.,,,160,,Closure,,,,,,,,Denver,,,,,,,,,
1/2/2018,First Data - Update 1/2/18,,,149,,Reduction in Force,,,,,,,,Arapahoe Douglas,,,,,,,,,
1/22/2018,Fluor,,,54,,Other-Loss of Contract,,,,,,,,Boulder,,,,,,,,,
8/1/2018,General Dynamics,,,75,,Ceasing Operations on a contract,,,,,,,,Pikes Peak,,,,,,,,,
8/22/2018,General Dynamics Update 8-22-18 - Layoff date changed to 12/31/18,,,75,,Ceasing operations on a contract,,,,,,,,Colorado Springs,,,,,,,,,
2/8/2018,Jackson National Life Insurance Company,,,370,,Closure,,,,,,,,Denver,,,,,,,,,
8/13/2018,Jackson National Life Insurance Company,,,156,,Closure,,,,,,,,Pikes Peak,,,,,,,,,
9/28/2018,Media News Group dba Digital First,,,107,,Downsize,,,,,,,,Pikes Peak,,,,,,,,,
1/26/2018,National Planning Holdings,,,7,,Downsize due to sale,,,,,,,,Denver,,,,,,,,,
1/15/2018,Northrop Grumman - Update 1/15/18,,,38,,Other-Loss of Contract,,,,,,,,Pikes Peak,,,,,,,,,
1/2/2018,Northrop Grumman - Updated 1/2/18,,,85,,Other - Loss of Contract,,,,,,,,Pikes Peak,,,,,,,,,
1/7/19 & 4/6/2020,Peak Reliability,,,69,,Terminate Operations,,,,,,,,Larimer,,,,,,,,,
4/15/2019,Pura Vida Fitness & Spa,,,134,,Closure,,,,,,,,Denver,,,,,,,,,
2/6/2018,Sandoz Inc.,,,65,,Closure,,,,,,,,Broomfield,,,,,,,,,
1/7/19 & 4/6/2020,"Sandoz Inc., A Novartis Division (Update)",,,24,,Closure,,,,,,,,Broomfield,,,,,,,,,
2/11/2019,Sandoz/Novartis (2nd Wave of Layoffs),,,116,,Closure,,,,,,,,Broomfield,,,,,,,,,
2/15/2018,Schneider National Carriers Inc.,,,119,,Other - Loss of Contract,,,,,,,,Arapahoe/Douglas,,,,,,,,,
1/18/2018,Scottrade - Ameritrade,,,63,,Other,,,,,,,,Adams,,,,,,,,,
5/3/2018,Scottrade - Ameritrade,,,10,,Downsize,,,,,,,,Adams,,,,,,,,,
2/13/2019,Spectrum Pharmaceuticals,,,3,,Divesting Product line/Sale to Acrotech Biopharma,,,,,,,,Denver,,,,,,,,,
3/8/2018,St. Mary Corwin Medical Center,,,272,,Downsize,,,,,,,,Pueblo,,,,,,,,,
1/31/2018,Startek,,,261,,Downsize,,,,,,,,Pikes Peak,,,,,,,,,
8/17/2018,Startek Inc.,,,186,,Reduction in Force,,,,,,,,Weld,,,,,,,,,
10/24/2018,The Cheesecake Factory,,,96,,Closure,,,,,,,,Boulder,,,,,,,,,
1/2/2019,The Inn at Cherry Creek,,,18,,Closure (Temporary 18-24 mo),,,,,,,,Denver,,,,,,,,,
8/23/2018,Wells Fargo/Consumer Lending Group Home Equity Fullfillment Group,,,53,,Closure of Unit,,,,,,,,Pikes Peak,,,,,,,,,
3/25/2019,Westrock,,,61,,Closure,,,,,,,,Arapahoe/Douglas,,,,,,,,,
1/9/2019,"WideOpenWest Networks LLC and WideOpenWest Illinois, LLC",,,203,,Downsize,,,,,,,,Colorado Springs,,,,,,,,,
7/31/2018,Williams Field Services Group LLC,,,Unknown,,Selling assets,,,,,,,,Rural (Durango),,,,,,,,,
7/27/2017,All Aboard Transit Services - Resubmission 07/27/2017,,,Unknown - Previous submission 117,,Loss of Contract,,,,,,,,Adams,,,,,,,,,
10/30/2017,Alorica,,,288,,Closure,,,,,,,,Pikes Peak,,,,,,,,,
12/4/2017,CA Concessions of Colorado,,,52,,Loss of Contract/Downsize,,,,,,,,Denver,,,,,,,,,
1/3/2017,Cardon Outreach,,,60,,Closure,,,,,,,,Pikes Peak,,,,,,,,,
5/19/2017,Conduent Inc.,,,244,,Downsize,,,,,,,,Arapahoe Douglas,,,,,,,,,
3/30/2017,Dollar Express,,,37,,Closure,,,,,,,,Various,,,,,,,,,
2/22/2017,Express Scripts,,,338,,Closure,,,,,,,,Pueblo,,,,,,,,,
10/13/2017,First Data,,,201,,Reduction in Force,,,,,,,,Arapahoe Douglas,,,,,,,,,
1/2/2018,First Data - Update 1/2/18,,,149,,Reduction in Force,,,,,,,,Arapahoe Douglas,,,,,,,,,
1/4/2018,K-Mart Corporation Store #04332,,,81,,Closure,,,,,,,,Pikes Peak,,,,,,,,,
11/1/2017,Lockheed Martin,,,79,,Reduction in Force,,,,,,,,Pikes Peak,,,,,,,,,
7/25/2017,Multi Packaging Solutions,,,98,,Closure,,,,,,,,Arapahoe Douglas,,,,,,,,,
11/6/2017,National Ecological Observatory Network dba Battelle Ecology,,,55,,Reduction in Force,,,,,,,,Boulder,,,,,,,,,
12/14/2017,National Planning Holdings Inc.,,,13,,Sale of business/Reduction in Force,,,,,,,,Denver,,,,,,,,,
8/30/2017,National Planning Holdings Inc.,,,42,,Sale of business/Reduction in Force,,,,,,,,Denver,,,,,,,,,
11/2/2017,Northrop Grumman,,,50,,Reduction in Force,,,,,,,,Pikes Peak,,,,,,,,,
1/2/2018,Northrop Grumman - Updated 1/2/18,,,85,,Other - Loss of Contract,,,,,,,,Pikes Peak,,,,,,,,,
1/5/2017,Pinnacle Foods,,,27,,Closure,,,,,,,,Boulder,,,,,,,,,
3/2/2017,Savers,,,62,,Closure,,,,,,,,Arapahoe Douglas,,,,,,,,,
12/6/2017,TD Ameritrade Holding Corporation,,,84,,Company Reorganization/Downsize,,,,,,,,Adams,,,,,,,,,
10/10/2017,TD Ameritrade Holding Corporation,,,32,,Company Wide Reorganization,,,,,,,,Adams,,,,,,,,,
2/15/2017,UnitedHealth Group,,,119,,Downsize,,,,,,,,Arapahoe Douglas,,,,,,,,,
12/8/2017,UtiliQuest,,,78,,Loss of Contract/Closure,,,,,,,,Tri-County,,,,,,,,,
6/27/2017,Verizon/XO Communications,,,49,,Restructuring,,,,,,,,Arapahoe Douglas,,,,,,,,,
2/7/2017,Viavi Solutions Inc.,,,61,,Corporate Restructuring,,,,,,,,Pikes Peak,,,,,,,,,
1/17/2017,WalMart,,,68,,Closure,,,,,,,,Denver,,,,,,,,,
6/5/2017,Walmart Store #1208,,,153,,Closure,,,,,,,,Jefferson,,,,,,,,,
6/5/2017,Walmart Store #3020,,,65,,Closure,,,,,,,,Jefferson,,,,,,,,,
5/23/2017,Walmart Store #3096,,,74,,Closure,,,,,,,,Boulder,,,,,,,,,
6/20/2017,XTO Energy Western Div Office,,,113,,Closure - Move to other Company locations,,,,,,,,Arapahoe Douglas,,,,,,,,,
11/3/2017,Zenith Education Group,,,27,,Closure,,,,,,,,Adams,,,,,,,,,
11/3/2017,Zenith Education Group,,,26,,Closure,,,,,,,,Pikes Peak,,,,,,,,,
7/13/2017,Sports Authority - Lone Tree Store,,,70,,Closure,,,,,,,,Arapahoe/Douglas,,,,,,,,,
12/31/2016,SMA America Production LLC,,,220,,Closure,,,,,,,,Denver,,,,,,,,,
12/20/2016,Coleman,,,54,,Closure,,,,,,,,Jefferson,,,,,,,,,
10/21/2016,MV Public Transportation,,,52,,Closure,,,,,,,,Mesa,,,,,,,,,
10/11/2016,Climax Molybdenum Co - Henderson Mine & Mill - REV #5,,,N/A,,Revision,,,,,,,,Jefferson,,,,,,,,,
9/16/2016,Swissport,,,187,,Downsize,,,,,,,,Denver,,,,,,,,,
8/26/2016,Climax Molybdenum Co - Henderson Mine & Mill - REV #4,,,200,,Revision,,,,,,,,Jefferson,,,,,,,,,
8/26/2016,Sports Authority - Store Support Center,,,144,,Closure,,,,,,,,Arapahoe/Douglas,,,,,,,,,
8/18/2016,General Dynamics Information Technology,,,60,,Ceasing certain operations,,,,,,,,Pikes Peak/Teller,,,,,,,,,
8/10/2016,Lake Region Medical - Layoffs 8-10-16,,,60,,Closure,,,,,,,,Jefferson,,,,,,,,,
8/4/2016,Integra,,,59,,Downsize,,,,,,,,Denver,,,,,,,,,
7/28/2016,Honeywell Technology Solutions Inc - REV,,,210,,Potential Downsize,,,,,,,,Pikes Peak/Teller,,,,,,,,,
7/25/2016,Packaging Corporation of America,,,70,,Closure,,,,,,,,Adams,,,,,,,,,
7/20/2016,Excelsior,,,80,,Closure,,,,,,,,Arapahoe/Douglas,,,,,,,,,
7/12/2016,Northwest Pipe Company,,,65,,Selling  Company,,,,,,,,Denver,,,,,,,,,
7/5/2016,CCA- Kit Carson Correctional Facility,,,141,,Closure,,,,,,,,Western,,,,,,,,,
6/27/2016,Xerox State Healthcare,,,85,,Other,,,,,,,,Arapahoe/Douglas,,,,,,,,,
6/23/2016,Sports Authority,,,70,,Closure,,,,,,,,Arapahoe/Douglas,,,,,,,,,
6/15/2016,Sports Authority,,,N/A,,Revision,,,,,,,,Arapahoe/Douglas,,,,,,,,,
6/14/2016,Climax Molybdenum Co - Henderson Mine & Mill - REV#3,,,N/A,,Revision,,,,,,,,Jefferson,,,,,,,,,
6/10/2016,Sports Authority,,,N/A,,Revision,,,,,,,,Arapahoe/Douglas,,,,,,,,,
6/2/2016,Honeywell Technology Solutions Inc.,,,241,,Potential Downsize,,,,,,,,Pikes Peak/Teller,,,,,,,,,
5/31/2016,Sanjel,,,54,,Closure,,,,,,,,Denver,,,,,,,,,
5/31/2016,Sanjel,,,101,,Closure,,,,,,,,Weld,,,,,,,,,
5/25/2016,Sports Authority,,,461,,Closing,,,,,,,,Arapahoe/Douglas,,,,,,,,,
5/11/2016,Gaiam Inc.,,,34,,Sale of Company,,,,,,,,Boulder,,,,,,,,,
5/3/2016,DAL Global Services,,,104,,Downsize,,,,,,,,Denver,,,,,,,,,
4/25/2016,XIO Technologies,,,107,,Closure,,,,,,,,Pikes Peak/Teller,,,,,,,,,
4/11/2016,Lake Region Medical - Layoffs 4/21 and or 4/24/16,,,19,,Closure,,,,,,,,Jefferson,,,,,,,,,
4/11/2016,Lake Region Medical - Layoffs 5/19 and/or 5/22/16,,,26,,Closure,,,,,,,,Jefferson,,,,,,,,,
4/11/2016,Lake Region Medical - Layoffs 5/5 and/or 5/8/16,,,31,,Closure,,,,,,,,Jefferson,,,,,,,,,
4/11/2016,Lake Region Medical - Layoffs 6/2 and/or 6/5/16,,,28,,Closure,,,,,,,,Jefferson,,,,,,,,,
4/5/2016,Baxter Healthcare,,,106,,Closure,,,,,,,,Arapahoe/Douglas,,,,,,,,,
3/31/2016,Xerox Business Services,,,328,,Downsize,,,,,,,,Pikes Peak/Teller,,,,,,,,,
3/19/2016,Tubular Repair,,,7,,Potential Closure,,,,,,,,Rural Resort,,,,,,,,,
3/18/2016,Sky Hotel 39 Degrees Recinds Layoffs from 2/5/16 WARN,,,N/A,,N/A,,,,,,,,Rural Resort,,,,,,,,,
3/15/2016,MYCOM North America,,,2,,Closure,,,,,,,,Arapahoe/Douglas,,,,,,,,,
3/10/2016,WPX Energy,,,208,,Closure,,,,,,,,Rural Resort,,,,,,,,,
2/29/2016,Jacobs Technology Inc - ETASS Group.,,,70,,Downsize,,,,,,,,Pikes Peak/Teller,,,,,,,,,
2/26/2016,Bowie Resources LLC - Bowie Mine #2,,,102,,Idle,,,,,,,,Western,,,,,,,,,
2/25/2016,Climax Molybdenum Co - Henderson Mine & Mill - REV#2,,,N/A,,Downsize,,,,,,,,Jefferson,,,,,,,,,
2/23/2016,Sports Authority,,,72,,Closure,,,,,,,,Denver,,,,,,,,,
2/17/2016,Vail Cascade,,,200,,Job Attached,,,,,,,,Rural Resort,,,,,,,,,
2/12/2016,Honeywell,,,8,,Downsize,,,,,,,,Pikes Peak/Teller,,,,,,,,,
2/10/2016,Startek,,,89,,Downsize,,,,,,,,Pikes Peak/Teller,,,,,,,,,
2/5/2016,Leggett and Platt,,,62,,Closure,,,,,,,,Pikes Peak/Teller,,,,,,,,,
2/5/2016,Sky Hotel 39 Degrees,,,91,,Closure,,,,,,,,Rural Resort,,,,,,,,,
2/3/2016,All Web Leads Inc.,,,103,,Closure,,,,,,,,Denver,,,,,,,,,
1/31/2016,Jones International University,,,28,,Closure,,,,,,,,Arapahoe/Douglas,,,,,,,,,
1/26/2016,VMWare,,,38,,Downsize,,,,,,,,Broomfield,,,,,,,,,
1/26/2016,VMWare,,,48,,Downsize,,,,,,,,Pikes Peak/Teller,,,,,,,,,
1/25/2016,Climax Molybdenum Co - Henderson Mine & Mill - REV#1,,,210,,Downsize,,,,,,,,Jefferson,,,,,,,,,
1/25/2016,Republic Airways Holdings,,,158,,Closure,,,,,,,,Denver,,,,,,,,,
1/22/2016,Sprint,,,247,,Downsize,,,,,,,,Arapahoe/Douglas,,,,,,,,,
1/18/2016,Concentrix,,,348,,Closure,,,,,,,,Boulder,,,,,,,,,
1/15/2016,Walmart Store #3021,,,65,,Closure,,,,,,,,Arapahoe/Douglas,,,,,,,,,
1/15/2016,Walmart Store #5002,,,78,,Closure,,,,,,,,Denver,,,,,,,,,
1/4/2016,Safeway,,,98,,Closure,,,,,,,,Denver,,,,,,,,,
11/3/2015,Climax Molybdenum Co - Henderson Mine & Mill -,,,200,,Job Attached,,,,,,,,Jefferson,,,,,,,,,
6/4/2015,Albertsons #632,,,38,,Closure,,,,,,,,Mesa County,,,,,,,,,
3/24/2015,Albertsons #8584,,,78,,Closure,,,,,,,,Pikes Peak/Teller,,,,,,,,,
4/27/2015,Ambassadors Group,,,1,,Downsize,,,,,,,,Denver,,,,,,,,,
9/30/2015,Baker Hughes Inc.,,,17,,Downsize,,,,,,,,Adams County,,,,,,,,,
8/12/2015,Baker Hughes Inc.,,,124,,Downsize,,,,,,,,Adams County,,,,,,,,,
11/3/2015,"Baker Hughes, Inc.",,,2,,Downsize,,,,,,,,Adams County,,,,,,,,,
5/15/2015,Bayou Well Services,,,250,,Downsize,,,,,,,,Weld,,,,,,,,,
9/30/2015,Bowie Resources LLC,,,78,,Downsize,,,,,,,,Western,,,,,,,,,
4/3/2015,Capstone Logistics,,,69,,Downsize,,,,,,,,Denver,,,,,,,,,
11/3/2015,Climax Molybdenum Company,,,200,,Job Attached Layoff,,,,,,,,Jefferson County,,,,,,,,,
1/30/2015,Corinthian Colleges Inc./Everest College,,,214,,Closure,,,,,,,,Pikes Peak/Teller,,,,,,,,,
8/4/2015,Curian Capital,,,224,,Closure,,,,,,,,Denver,,,,,,,,,
7/28/2015,Diamond Wire Material Technologies,,,45,,Downsize,,,,,,,,Pikes Peak/Teller,,,,,,,,,
9/1/2015,ECMC Group,,,137,,Downsize,,,,,,,,Adams County,,,,,,,,,
9/15/2015,EOS CCA,,,60,,Closure,,,,,,,,Denver,,,,,,,,,
11/4/2015,Fidelity Exploration & Production Company,,,106,,Closure,,,,,,,,Denver,,,,,,,,,
4/30/2015,First Student,,,150,,Closure,,,,,,,,Mesa,,,,,,,,,
1/16/2015,Frontier Airlines Inc.,,,1152,,Closure,,,,,,,,Denver,,,,,,,,,
6/25/2015,Intuit,,,59,,Downsize,,,,,,,,Arapahoe/Douglas,,,,,,,,,
1/2/2015,Iqor Inc.,,,251,,Downsize,,,,,,,,Pueblo,,,,,,,,,
2/29/2016,Jacobs Technology Inc - ETASS Group.,,,70,,Downsize,,,,,,,,Pikes Peak/Teller,,,,,,,,,
1/31/2016,Jones International University,,,28,,Closure,,,,,,,,Arapahoe/Douglas,,,,,,,,,
1/6/2015,K-Mart-Sears Distribution Center,,,103,,Closure,,,,,,,,Adams County,,,,,,,,,
7/30/2015,KIRA,,,364,,Downsize,,,,,,,,Pikes Peak/Teller,,,,,,,,,
4/15/2015,Linn Energy,,,52,,Closure,,,,,,,,Denver,,,,,,,,,
10/23/2015,Lockheed Martin,,,126,,Downsize,,,,,,,,Pikes Peak/Teller,,,,,,,,,
7/20/2015,Lockheed Martin,,,119,,Downsize,,,,,,,,Pikes Peak/Teller,,,,,,,,,
7/20/2015,Lockheed Martin,,,130,,Downsize,,,,,,,,Pikes Peak/Teller,,,,,,,,,
8/6/2015,Lockheed Martin-Rev to 7/20/15 WARN,,,N/A,,Downsize,,,,,,,,Pikes Peak/Teller,,,,,,,,,
3/25/2015,MMC,,,64,,Closure,,,,,,,,Glendale,,,,,,,,,
7/31/2015,Moneygram Payment Systems Inc. (MPSI),,,1,,Closure,,,,,,,,Jefferson County,,,,,,,,,
6/14/2015,Moneygram Payment Systems Inc. (MPSI),,,1,,Closure,,,,,,,,Jefferson County,,,,,,,,,
5/31/2015,Moneygram Payment Systems Inc. (MPSI),,,1,,Closure,,,,,,,,Jefferson County,,,,,,,,,
5/17/2015,Moneygram Payment Systems Inc. (MPSI),,,1,,Closure,,,,,,,,Jefferson County,,,,,,,,,
5/2/2015,Moneygram Payment Systems Inc. (MPSI),,,8,,Closure,,,,,,,,Jefferson County,,,,,,,,,
5/1/2015,Moneygram Payment Systems Inc. (MPSI),,,1,,Closure,,,,,,,,Jefferson County,,,,,,,,,
4/30/2015,Moneygram Payment Systems Inc. (MPSI),,,1,,Closure,,,,,,,,Jefferson County,,,,,,,,,
4/1/2015,Moneygram Payment Systems Inc. (MPSI),,,1,,Closure,,,,,,,,Jefferson County,,,,,,,,,
3/30/2015,Moneygram Payment Systems Inc. (MPSI),,,4,,Closure,,,,,,,,Jefferson County,,,,,,,,,
1/27/2015,Moneygram Payment Systems Inc. (MPSI),,,7,,Closure,,,,,,,,Jefferson County,,,,,,,,,
1/6/2015,Moneygram Payment Systems Inc. (MPSI),,,4,,Closure,,,,,,,,Jefferson County,,,,,,,,,
5/28/2015,Newfield Exploration Company,,,91,,Closure,,,,,,,,Denver,,,,,,,,,
7/12/2016,Northwest Pipe Company,,,65,,Closure,,,,,,,,Denver,,,,,,,,,
8/4/2015,Ouray Silver Mines,,,82,,Job Attached Layoff,,,,,,,,Western,,,,,,,,,
5/4/2015,Pioneer Natural Resources,,,75,,Closure,,,,,,,,Denver,,,,,,,,,
5/4/2015,Pioneer Natural Resources - Trinidad,,,102,,Downsize,,,,,,,,Southeast,,,,,,,,,
8/27/2015,Quad/Graphics,,,151,,Closure,,,,,,,,Various Regions,,,,,,,,,
9/17/2015,Qualcomm,,,158,,Downsize,,,,,,,,Boulder,,,,,,,,,
1/4/2016,Safeway,,,98,,Closure,,,,,,,,Denver,,,,,,,,,
9/25/2015,Select Medical,,,68,,Closure,,,,,,,,Denver,,,,,,,,,
1/21/2015,Serco-NA,,,69,,Downsize,,,,,,,,Pikes Peak/Teller,,,,,,,,,
3/16/2015,Sinton Dairy Foods Company/ Borden,,,122,,Closure,,,,,,,,Pikes Peak/Teller,,,,,,,,,
7/20/2015,Sinton Dairy Foods Company/ Borden-Rev to 3/16/15,,,N/A,,Closure,,,,,,,,Pikes Peak/Teller,,,,,,,,,
7/1/2015,Sinton Dairy Foods Company/ Borden-Rev to 3/16/15,,,N/A,,Closure,,,,,,,,Pikes Peak/Teller,,,,,,,,,
5/15/2015,Sinton Dairy Foods Company/ Borden-Rev to 3/16/15,,,N/A,,Closure,,,,,,,,Pikes Peak/Teller,,,,,,,,,
5/11/2015,Sinton Dairy Foods Company/ Borden-Rev to 3/16/15,,,N/A,,Closure,,,,,,,,Pikes Peak/Teller,,,,,,,,,
1/22/2016,Sprint,,,247,,Downsize,,,,,,,,Arapahoe/Douglas,,,,,,,,,
2/10/2015,Staples,,,59,,Closure,,,,,,,,Arapahoe/Douglas,,,,,,,,,
11/13/2015,Target Corporation - TCC Cooking Company LLC,,,241,,Closure,,,,,,,,Pikes Peak/Teller,,,,,,,,,
2/17/2015,Trulia,,,33,,Other,,,,,,,,Denver,,,,,,,,,
11/16/2015,Union Pacific Company,,,300,,Closure,,,,,,,,Denver,,,,,,,,,
7/6/2015,Urban Fulfillment,,,265,,Closure,,,,,,,,Jefferson County,,,,,,,,,
7/17/2015,UTI,,,10,,Closure,,,,,,,,Pikes Peak/Teller,,,,,,,,,
1/26/2016,VMWare,,,38,,Downsize,,,,,,,,Broomfield,,,,,,,,,
1/26/2016,VMWare,,,48,,Downsize,,,,,,,,Pikes Peak/Teller,,,,,,,,,
1/15/2016,Walmart Store #3021,,,65,,Closure,,,,,,,,Arapahoe/Douglas,,,,,,,,,
1/15/2016,Walmart Store #5002,,,78,,Closure,,,,,,,,Denver,,,,,,,,,
9/2/2015,Western Forge,,,150,,Downsize,,,,,,,,Pikes Peak/Teller,,,,,,,,,
3/2/2015,WPX Energy,,,142,,Closure,,,,,,,,Denver,,,,,,,,,
11/30/2015,WPX Energy-Rev to 3/2/15,,,2,,Closure,,,,,,,,Denver,,,,,,,,,
7/9/2015,WPX Energy-Rev to 3/2/15,,,91,,Closure,,,,,,,,Denver,,,,,,,,,
4/29/2015,Zenith Education Group,,,152,,Downsize,,,,,,,,Adams County,,,,,,,,,
