Business Legal Name,Date Layoff/Closure Starts,Date of WARN Notice ,Date Posted  ,Impacted Site Address,Impacted Site County,Layoff or Closure?,Measure Names,Permanent or Temporary Layoff?,Index,Number of Affected Workers ,Number of Affected Workers 
"18 William Partners, LLC",2025-04-20,2025-04-20,2025-05-30,"6 Hanover Street  New York, NY, 10005",New York,Closure,# of Affected Workers,Permanent,374,108,108
57th Street Associates,2025-04-09,2025-01-09,2025-01-17,"60 W 57th St  New York, NY, 10019",New York,Closure,# of Affected Workers,Permanent,452,60,60
Abbott House,2025-10-31,2025-07-29,2025-07-31,"100 North Broadway  Irvington, NY, 10533",Westchester,Closure,# of Affected Workers,Permanent,149,8,8
Abbott House,2025-10-31,2025-07-29,2025-07-31,"1775 Grand Concourse  Bronx, NY, 10453",Bronx,Closure,# of Affected Workers,Permanent,148,31,31
"ABM Aviation, Inc.",2025-12-30,2025-09-24,2025-11-17,"141 Federal Circle  Queens, NY, 11430",Queens,Layoff,# of Affected Workers,Permanent,7,83,83
"Air Products and Chemicals, Inc.",2025-01-30,2025-01-30,2025-07-18,"6400 Sheridan Drive 310 Amherst, NY, 14221",Erie,Closure,# of Affected Workers,Permanent,159,28,28
AllianceBernstein L.P.,2026-12-31,2025-04-15,2025-08-28,"66 Hudson Boulevard E.  New York, NY, 10001",New York,Layoff,# of Affected Workers,Permanent,131,6,6
Amazon,2026-01-26,2025-10-28,2025-11-06,"6 West 35th St  New York City, NY, 10001",New York,Layoff,# of Affected Workers,Permanent,30,1,1
Amazon,2026-01-26,2025-10-28,2025-11-06,"7 W 34th St  New York City, NY, 10001",New York,Layoff,# of Affected Workers,Permanent,25,58,58
Amazon,2026-01-26,2025-10-28,2025-11-06,"215 Park Ave S  New York City, NY, 10003",New York,Layoff,# of Affected Workers,Permanent,29,7,7
Amazon,2026-01-26,2025-10-28,2025-11-06,"237 Park Ave  New York City, NY, 10017",New York,Layoff,# of Affected Workers,Permanent,27,38,38
Amazon,2026-01-26,2025-10-28,2025-11-06,"315 Park Ave S  New York City, NY, 10010",New York,Layoff,# of Affected Workers,Permanent,28,9,9
Amazon,2026-01-26,2025-10-28,2025-11-06,"330 W 34th St  New York City, NY, 10001",New York,Layoff,# of Affected Workers,Permanent,26,41,41
Amazon,2026-01-26,2025-10-28,2025-11-06,"410 10th Ave  New York City, NY, 10001",New York,Layoff,# of Affected Workers,Permanent,24,91,91
Amazon,2026-01-26,2025-10-28,2025-11-06,"424 5th Ave  New York City, NY, 10018",New York,Layoff,# of Affected Workers,Permanent,23,182,182
Amazon,2026-01-26,2025-10-28,2025-11-06,"450 West 33rd St  New York City, NY, 10001",New York,Layoff,# of Affected Workers,Permanent,22,233,233
"American Sugar Refining, Inc.",2025-12-31,2025-09-29,2025-10-10,"1 Federal Street  Yonkers, NY, 10705",Westchester,Closure,# of Affected Workers,Permanent,73,206,206
"Aramark Campus, LLC at the University of Rochester",2025-06-30,2025-04-21,2025-07-18,"735 LIBRARY RD UNIVERSITY OF ROCHESTER ROCHESTER, NY, 14627",Monroe,Closure,# of Affected Workers,Permanent,154,61,61
"Aramark Services, Inc.",2025-12-19,2025-09-10,2025-10-06,"383 Madison Ave  New York, NY, 10017",New York,Closure,# of Affected Workers,Permanent,100,67,67
"ARB Gaming, LLC.",2025-12-19,2025-09-15,2025-09-30,"Remote Employees  Jericho, NY, 11753",Nassau,Layoff,# of Affected Workers,Permanent,102,33,33
"Arbor E&T, LLC",2025-09-30,2025-07-30,2025-09-04,"47 Trinity Place 7th New York, NY, 10006",New York,Closure,# of Affected Workers,Permanent,127,60,60
"Arbor E&T, LLC",2025-09-30,2025-07-30,2025-09-04,"400 East Fordham Rd  Bronx, NY, 10458",Bronx,Closure,# of Affected Workers,Permanent,128,25,25
"Arbor E&T, LLC",2025-09-30,2025-07-30,2025-09-04,"1029 E 163rd St. 3rd Floor Bronx, NY, 10459",Bronx,Closure,# of Affected Workers,Permanent,129,7,7
Atria Wealth Solutions,2025-08-01,2025-05-02,2025-06-18,"100 Madison Street FL 13 Syracuse, NY, 13202",Onondaga,Layoff,# of Affected Workers,Permanent,188,35,35
Atria Wealth Solutions,2025-08-01,2025-05-02,2025-06-18,"295 Madison Avenue Suite 1407 New York, NY, 10017",New York,Layoff,# of Affected Workers,Permanent,189,1,1
"Aurora Cares, LLC. d/b/a Tara Cares",2025-11-26,2025-08-27,2025-10-06,"3690 Southwestern Blvd  Orchard Park, NY, 14127",Erie,Closure,# of Affected Workers,Permanent,101,125,125
"Barrette Outdoor Living, Inc.",2025-05-05,2025-02-03,2025-07-18,"231 Ship Canal Parkway  Buffalo, NY, 14218",Erie,Closure,# of Affected Workers,Permanent,158,93,93
"Barrie House Coffee Company, LLC.",2025-01-10,2025-01-10,2025-07-09,"4 Warehouse Lane  Elmsford, NY, 10523",Westchester,Closure,# of Affected Workers,N/A,174,34,34
"Barrie House Coffee Company, LLC.",2025-01-10,2025-01-10,2025-07-09,"216 South 13th Avenue  Mt. Vernon, NY, 10550",Westchester,Closure,# of Affected Workers,Permanent,175,5,5
"CaaStle, Inc.",2025-04-30,2025-04-25,2025-11-06,"5 Penn Plaza, Floor 4  New York, NY, 10001",New York,Closure,# of Affected Workers,Permanent,61,46,46
"Cape Barons Manager, LLC. d/b/a Barons Cove",2025-10-01,2025-06-27,2025-07-24,"31 W Water Street  Sag Harbor, NY, 11963",Suffolk,Closure,# of Affected Workers,Permanent,153,53,53
"Cardionet, LLC. an affiliate of Philips North America, LLC.",2025-06-30,2025-04-01,2025-05-23,"175 Pinelawn Road Remote employee Melville, NY, 11747",Suffolk,Closure,# of Affected Workers,Permanent,377,85,85
Career Systems Development Corporation,2025-06-30,2025-06-03,2025-08-21,"585 DeKalb Avenue  Brooklyn, NY, 11205",Kings,Closure,# of Affected Workers,Permanent,136,0,0
Career Systems Development Corporation,2025-06-30,2025-06-03,2025-08-21,"1771 Andrews Avenue S  Bronx, NY, 10453",Bronx,Closure,# of Affected Workers,Permanent,135,0,0
Cascades Holding US Inc.,2025-10-06,2025-07-08,2025-07-28,"4001 Packard Road  Niagara Falls, NY, 14303",Niagara,Closure,# of Affected Workers,Permanent,150,103,103
"Catapult Learning, LLC.",2025-03-30,2025-03-30,2025-04-17,"55 Forest Road  Monroe, NY, 10950",Orange,Layoff,# of Affected Workers,Temporary,414,98,98
"Catapult Learning, LLC.",2025-03-30,2025-03-30,2025-04-17,"257 Beach 17th Street  Far Rockaway, NY, 11691",Queens,Layoff,# of Affected Workers,Temporary,415,17,17
"Catapult Learning, LLC.",2025-03-30,2025-03-30,2025-04-17,"1449 39th Street  Brooklyn, NY, 11218",Kings,Layoff,# of Affected Workers,Temporary,416,1,1
Catholic Charities Community Services,2025-05-23,2025-04-22,2025-05-02,"80 Maiden Lane  NEW YORK, NY, 10038",New York,Layoff,# of Affected Workers,Permanent,410,46,46
"Catholic Charities of Orange, Sullivan & Ulster (CCOSU)",2025-05-23,2025-02-19,2025-07-09,"11 Hamilton Avenue Plant Layoff Monticello, NY, 12701",Sullivan,Layoff,# of Affected Workers,Permanent,171,1,1
"Catholic Charities of Orange, Sullivan & Ulster (CCOSU)",2025-05-23,2025-02-19,2025-07-09,"27 Matthews Street Plant Layoff Goshen, NY, 10924",Orange,Layoff,# of Affected Workers,Permanent,167,14,14
"Catholic Charities of Orange, Sullivan & Ulster (CCOSU)",2025-05-23,2025-02-19,2025-07-09,"150 Pike Street Plant Closing Port Jervis, NY, 12771",Orange,Layoff,# of Affected Workers,Permanent,169,3,3
"Catholic Charities of Orange, Sullivan & Ulster (CCOSU)",2025-05-23,2025-02-19,2025-07-09,"280 Broadway Plant Layoff Newburgh, NY, 12550",Orange,Layoff,# of Affected Workers,Permanent,170,3,3
"Catholic Charities of Orange, Sullivan & Ulster (CCOSU)",2025-05-23,2025-02-19,2025-07-09,"396 Broadway Plant Layoff Monticello, NY, 12701",Sullivan,Layoff,# of Affected Workers,Permanent,168,12,12
Catholic Guardian Services,2025-10-31,2025-07-28,2025-08-05,"110 West 183rd Street  Bronx, NY, 10453",Bronx,Closure,# of Affected Workers,Permanent,143,31,31
Catholic Guardian Services,2025-06-30,2025-03-31,2025-04-10,"142 Audubon Avenue  New York, NY, 10033",New York,Closure,# of Affected Workers,Permanent,421,28,28
Cayuga Home for Children,2025-06-30,2025-03-21,2025-05-14,"5 Computer Drive West Suites 200 & 203 Albany, NY, 12205",Albany,Layoff,# of Affected Workers,Permanent,394,2,2
Cayuga Home for Children,2025-06-30,2025-03-21,2025-05-14,"101 Hamilton Avenue  Auburn, NY, 13021",Cayuga,Layoff,# of Affected Workers,Permanent,389,36,36
Cayuga Home for Children,2025-06-30,2025-03-21,2025-05-14,"224 Harrison Street Suite 603 Syracuse, NY, 13202",Onondaga,Layoff,# of Affected Workers,Permanent,393,9,9
Cayuga Home for Children,2025-06-30,2025-03-21,2025-05-14,"430 Court Street 2nd Floor Utica, NY, 13502",Oneida,Layoff,# of Affected Workers,Permanent,390,33,33
Cayuga Home for Children,2025-06-30,2025-03-21,2025-05-14,"1870 South Winton Road Suite 125 Rochester, NY, 14618",Monroe,Layoff,# of Affected Workers,Permanent,392,10,10
Cayuga Home for Children,2025-06-30,2025-03-21,2025-05-14,"1916 Park Ave Suite 407 New York, NY, 10037",New York,Layoff,# of Affected Workers,Permanent,391,28,28
Cayuga Home for Children,2025-06-30,2025-03-21,2025-05-14,"2417 Third Avenue Suite 701 Bronx, NY, 10451",Bronx,Layoff,# of Affected Workers,Permanent,395,1,1
"Cherokee Nation Management & Consulting, LLC.",2025-06-22,2025-03-23,2025-07-02,"29 Ryerson St  Brooklyn, NY, 11205",Kings,Closure,# of Affected Workers,Permanent,183,11,11
"Cherokee Nation Management & Consulting, LLC.",2025-06-22,2025-03-21,2025-07-02,"45 E 45th St  New York, NY, 10017",New York,Closure,# of Affected Workers,Permanent,184,24,24
"Cherokee Nation Management & Consulting, LLC.",2025-06-22,2025-03-23,2025-07-02,"455 Jefferson St  Brooklyn, NY, 11237",Kings,Closure,# of Affected Workers,Permanent,182,14,14
"Cherokee Nation Management & Consulting, LLC.",2025-06-22,2025-03-28,2025-07-02,"700 8th Ave  New York, NY, 11105",Queens,Closure,# of Affected Workers,Permanent,180,17,17
"Cherokee Nation Management & Consulting, LLC.",2025-06-22,2025-03-23,2025-07-02,"4711 Austell Pl  New York, NY, 11101",Queens,Closure,# of Affected Workers,Permanent,181,15,15
"Church World Service, Inc.",2025-01-31,2025-01-31,2025-04-09,"475 Riverside Dr., #700  New York, NY, 10115",New York,Layoff,# of Affected Workers,Temporary,422,144,144
"CINQ NY Health Home IPA, LLC",2025-09-19,2025-01-06,2025-11-13,"564 Niagara Street Building 2 Buffalo, NY, 14201",Erie,Layoff,# of Affected Workers,Permanent,20,25,25
"CINQ NY Health Home IPA, LLC",2025-09-19,2025-01-06,2025-11-13,"1195 Main Street  Buffalo, NY, 14209",Erie,Layoff,# of Affected Workers,Permanent,21,19,19
"Columbus Restaurant Fund IV, LLC.",2025-09-02,2025-06-04,2025-06-12,"10 Columbus Circle  New York, NY, 10019",New York,Closure,# of Affected Workers,Permanent,190,80,80
Community Development Institute Head Start,2025-10-31,2025-07-24,2025-08-05,"17 Riverside Drive  Woodbourne, NY, 12788",Sullivan,Closure,# of Affected Workers,Permanent,146,6,6
Community Development Institute Head Start,2025-10-31,2025-07-24,2025-08-05,"130 Waverly Ave  Monticello, NY, 12701",Sullivan,Closure,# of Affected Workers,Permanent,144,20,20
Community Development Institute Head Start,2025-10-31,2025-07-24,2025-08-05,"393 State Route 52  Woodbourne, NY, 12788",Sullivan,Closure,# of Affected Workers,Permanent,145,19,19
Community Development Institute Head Start,2025-10-31,2025-07-24,2025-08-05,"397 State Route 52  Woodbourne, NY, 12788",Sullivan,Closure,# of Affected Workers,Permanent,147,6,6
"Compass Group USA, Inc.",2025-12-15,2025-09-17,2025-09-25,"101 Broad St  Plattsburgh, NY, 12901",Clinton,Closure,# of Affected Workers,Permanent,106,192,192
"Cornucopia Logistics, LLC.",2025-08-20,2025-08-26,2025-09-16,"55-15 Grand Ave  Maspeth, NY, 11378",Queens,Closure,# of Affected Workers,Permanent,122,95,95
"Cornucopia Logistics, LLC.",2025-08-20,2025-08-26,2025-09-16,"395 Robbins Lane  Syosset, NY, 11791",Nassau,Closure,# of Affected Workers,Permanent,123,49,49
"Crescent Duck Farm, Inc.",2025-01-16,2025-01-16,2025-01-28,"10 Edgar Ave. P.O. Box 500 Aquebogue, NY, 11931",Suffolk,Closure,# of Affected Workers,Permanent,450,45,45
CVS Health,2025-06-21,2025-03-07,2025-04-02,"161 Avenue of the Americas  New York, NY, 10013",New York,Layoff,# of Affected Workers,Permanent,425,26,26
"CYH Manhattan, LLC.",2025-03-14,2025-03-14,2025-06-30,"371 7th Ave  New York, NY, 10001",New York,Closure,# of Affected Workers,Permanent,186,99,99
"CyraCom International, Inc.",2025-12-03,2025-09-04,2025-09-15,"41-61 Kissena Blvd Suite 1010 Flushing, NY, 11355",Queens,Closure,# of Affected Workers,Permanent,124,154,154
DAC GROUP NEW YORK INC.,2025-12-31,2025-09-30,2025-11-18,"4 Manhattanville Road Suite 203 Purchase, NY, 10577",Westchester,Layoff,# of Affected Workers,Permanent,3,58,58
DAC GROUP NEW YORK INC.,2025-12-31,2025-09-30,2025-11-18,"260 Main St East Suite 3800 Rochester, NY, 14604",Monroe,Layoff,# of Affected Workers,Permanent,4,43,43
"Dr. Howard Dr. Fine, LLC.",2025-11-18,2025-08-12,2025-08-14,"53 Howard Street  New York, NY, 10013",New York,Closure,# of Affected Workers,Permanent,139,56,56
"Eaglestone, LLC, Eaglestone Holdings, LLC, Eaglestone Intermediate Holdings, LLC, and Eaglestone Shared Services, LLC.",2025-02-07,2025-02-07,2025-05-27,"551 5th Avenue 9th Floor New York, NY, 10176",New York,Closure,# of Affected Workers,Permanent,376,6,6
eBay Inc.,2025-07-18,2025-05-22,2025-08-22,"440 S. Warren St. Suite 100 Syracuse, NY, 13202",Onondaga,Closure,# of Affected Workers,Permanent,133,215,215
"EEDU, LLC.",2025-06-04,2025-03-05,2025-07-18,"800 Riverwalk Parkway  Tonawanda, NY, 14150",Erie,Closure,# of Affected Workers,Permanent,156,129,129
Eisler Capital (US) LLC.,2025-12-28,2025-09-29,2025-11-18,"66 Hudson Boulevard  New York, NY, 10001",New York,Closure,# of Affected Workers,Permanent,5,79,79
"Emursive Productions, LLC.",2025-04-20,2025-04-20,2025-05-30,"2109 Broadway Suite 13-126 New York, NY, 10023",New York,Closure,# of Affected Workers,Permanent,375,8,8
"enDevelopment Logistics, LLC.",2026-01-15,2025-10-15,2025-11-14,"500 Hudson Valley Avenue  New Windsor, NY, 12553",Orange,Closure,# of Affected Workers,Permanent,9,42,42
"Equiniti Trust Company, LLC",2025-11-14,2025-08-08,2025-10-17,"28 Liberty Street 53rd floor New York, NY, 10005",New York,Layoff,# of Affected Workers,Permanent,70,4,4
"Equiniti Trust Company, LLC",2025-11-14,2025-08-08,2025-10-17,"850 Third Avenue  Brooklyn, NY, 11232",Kings,Layoff,# of Affected Workers,Permanent,69,10,10
"Equiniti Trust Company, LLC",2025-11-14,2025-08-08,2025-10-17,"1110 Centre Point Curve Suites 101 Mendota Heights, MN, 55120",n/a,Layoff,# of Affected Workers,Permanent,68,13,13
"Essendant Co. and Essendant Management Services, LLC.",2025-12-03,2025-09-04,2025-09-19,"12089 US-9W  Coxsackie, NY, 12051",Greene,Closure,# of Affected Workers,Permanent,116,64,64
"Evans Bank, National Association",2025-05-02,2025-01-23,2025-02-12,"6460 Main Street  Williamsville, NY, 14221",Erie,Layoff,# of Affected Workers,Permanent,447,64,64
Exel Inc.,2025-04-21,2025-01-13,2025-01-24,"586 Gulf Avenue  Staten Island, NY, 10314",Richmond,Closure,# of Affected Workers,Permanent,451,116,116
"F21 OpCO, LLC.",2025-05-27,2025-02-19,2025-03-13,"435 Seventh Ave  New York, NY, 10120",New York,Closure,# of Affected Workers,Permanent,434,27,27
"F21 OpCO, LLC.",2025-05-27,2025-02-19,2025-03-13,"1540 Broadway  New York, NY, 10036",New York,Closure,# of Affected Workers,Permanent,433,72,72
"Fareportal, Inc.",2025-10-03,2025-10-03,2025-10-16,"137 W. 25th Street  New York, NY, 10001",New York,Layoff,# of Affected Workers,Permanent,71,29,29
"Fellers, LLC.",2025-06-27,2025-07-10,2025-10-09,"8 Access Road Unit 3 Albany, NY, 12205",Albany,Closure,# of Affected Workers,Permanent,76,2,2
"Fellers, LLC.",2025-06-27,2025-04-30,2025-10-09,"6515 Transit Road Suite 26 Bowmansville, NY, 14026",Erie,Closure,# of Affected Workers,Permanent,81,1,1
"Ferguson Enterprises, LLC.",2025-07-21,2025-04-22,2025-04-24,"1819 Flushing Avenue  Ridgewood, NY, 11385",Queens,Closure,# of Affected Workers,Permanent,413,32,32
"Frito-Lay, Inc.",2025-05-21,2025-02-18,2025-07-09,"89 Mill Street  Liberty, NY, 12754",Sullivan,Closure,# of Affected Workers,Permanent,172,287,287
"Galaxy Restaurants Catering Group, LP",2025-07-31,2025-05-02,2025-08-21,"2 West Loop Road  Roosevelt Island, NY, 10044",New York,Closure,# of Affected Workers,Permanent,137,20,20
"GC Riverside, LLC.",2025-11-01,2025-07-31,2025-08-05,"235 Freedom Place  New York, NY, 10069",New York,Closure,# of Affected Workers,Permanent,142,72,72
"Goldman, Sachs & Co, LLC.",2025-06-22,2025-03-24,2025-09-08,"200 West Street  New York, NY, 10282",New York,Layoff,# of Affected Workers,Permanent,125,343,343
Good Samaritan Certified Home Health Care Agency,2025-07-02,2025-04-03,2025-07-09,"1 Crossfield Ave  West Nyack, NY, 10994",Rockland,Closure,# of Affected Workers,Permanent,163,48,48
Good Samaritan Certified Home Health Care Agency,2025-07-02,2025-04-03,2025-07-09,"90 Crystal Run Road  Middletown, NY, 10940",Orange,Closure,# of Affected Workers,Permanent,164,38,38
"GVC, LTD.",2025-06-27,2025-06-26,2025-07-28,"1392 Commerce Ave  Bronx, NY, 10461",Bronx,Layoff,# of Affected Workers,Permanent,151,187,187
"H&M Fashion USA, Inc.",2026-01-19,2025-10-21,2025-11-21,"18 Church Street  New York, NY, 10007",New York,Closure,# of Affected Workers,Permanent,1,31,31
"H&M Fashion USA, Inc.",2026-01-19,2025-10-21,2025-11-21,"150 East 86th Street  New York, NY, 10028",New York,Closure,# of Affected Workers,Permanent,2,31,31
"Havana Central NY5, LLC. d/b/a Havana Central Roosevelt Field",2025-09-20,2025-09-20,2025-10-10,"630 Old Country Road  Garden City, NY, 11530",Nassau,Closure,# of Affected Workers,Permanent,74,45,45
"HomeTeam Technologies, Inc.",2025-10-15,2025-10-15,2025-11-17,"115 W 30th Street Suite 601 New York, NY, 10001",New York,Closure,# of Affected Workers,Permanent,6,60,60
"Hudson Valley Radiologists, P.C.",2025-11-30,2025-08-12,2025-09-19,"1 Columbia Street  Poughkeepsie, NY, 12601",Dutchess,Closure,# of Affected Workers,Permanent,119,9,9
"Hudson Valley Radiologists, P.C.",2025-11-30,2025-08-12,2025-09-19,"2678 South Road  Poughkeepsie, NY, 12601",Dutchess,Closure,# of Affected Workers,Permanent,118,22,22
"IG Design Group Americas, Inc.",2025-09-25,2025-06-27,2025-07-08,"1411 Broadway 5th Floor New York, NY, 10018",New York,Closure,# of Affected Workers,Permanent,176,80,80
"Institute of International Education, Inc.",2025-03-07,2025-03-07,2025-03-18,"One World Trade Center 36th Floor New York, NY, 10007",New York,Layoff,# of Affected Workers,Permanent,431,2,2
International AIDS Vaccine Initiative,2025-04-11,2025-03-14,2025-04-04,"125 Broad Street 9th Floor New York, NY, 10004",New York,Layoff,# of Affected Workers,Permanent,423,14,14
"Interstate Hotels, LLC.",2025-06-22,2025-03-21,2025-03-27,"45 E 45th St  New York, NY, 10017",New York,Closure,# of Affected Workers,Permanent,428,96,96
Island Peer Review Org Inc. (IPRO),2025-07-14,2025-03-26,2025-05-22,"20 Corporate Woods Blvd, 1st floor  Albany, NY, 12211",Albany,Layoff,# of Affected Workers,Permanent,379,37,37
Island Peer Review Org Inc. (IPRO),2025-07-14,2025-03-26,2025-05-22,"1979 Marcus Ave., Ste. 105  Lake Success, NY, 11042",Nassau,Layoff,# of Affected Workers,Permanent,378,161,161
"KIND, Inc.",2025-03-31,2025-03-27,2025-04-16,"252 W. 37th Street Suite 1500 New York, NY, 10018",New York,Layoff,# of Affected Workers,Permanent,420,39,39
"Klēn Space, Inc.",2025-11-30,2025-06-30,2025-10-07,"Audubon 3940 Broadway New York, NY, 10032",New York,Closure,# of Affected Workers,Permanent,98,1,1
"Klēn Space, Inc.",2025-11-30,2025-06-30,2025-10-07,"BAT (Brooklyn Army Terminal) 80 58th St Brooklyn, NY, 11220",Kings,Closure,# of Affected Workers,Permanent,84,10,10
"Klēn Space, Inc.",2025-11-30,2025-06-30,2025-10-07,"BMT (Brooklyn Marine Terminal) 90 Columbia St Brooklyn, NY, 11201",Kings,Closure,# of Affected Workers,Permanent,96,1,1
"Klēn Space, Inc.",2025-11-30,2025-06-30,2025-10-07,"Brooklyn Wholesome Meat Market 5601 1st Ave Brooklyn, NY, 11220",Kings,Closure,# of Affected Workers,Permanent,93,2,2
"Klēn Space, Inc.",2025-11-30,2025-06-30,2025-10-07,"Bush Terminal Piers Park 51-1 43rd St MADE Bush Terminal Brooklyn, NY, 11232",Kings,Closure,# of Affected Workers,Permanent,91,3,3
"Klēn Space, Inc.",2025-11-30,2025-06-30,2025-10-07,"College Point 80 58th St Brooklyn, NY, 11220",Kings,Closure,# of Affected Workers,Permanent,88,4,4
"Klēn Space, Inc.",2025-11-30,2025-06-30,2025-10-07,"Ferry Landings 80 58th Street Brooklyn, NY, 11201",Kings,Closure,# of Affected Workers,Permanent,85,10,10
"Klēn Space, Inc.",2025-11-30,2025-06-30,2025-10-07,"Hunts Point 800 Food Center Dr Bronx, NY, 10474",Bronx,Closure,# of Affected Workers,Permanent,87,5,5
"Klēn Space, Inc.",2025-11-30,2025-06-30,2025-10-07,"Julia De Burgos Center 1681 Lexington Avenue New York, NY, 10029",New York,Closure,# of Affected Workers,Permanent,95,2,2
"Klēn Space, Inc.",2025-11-30,2025-06-30,2025-10-07,"Kingsbridge Armory 29 West Kingsbridge Rd Bronx, NY, 10468",Kings,Closure,# of Affected Workers,Permanent,97,1,1
"Klēn Space, Inc.",2025-11-30,2025-06-30,2025-10-07,"MADE Bush Terminal 13 42nd St Brooklyn, NY, 11232",Kings,Closure,# of Affected Workers,Permanent,94,2,2
"Klēn Space, Inc.",2025-11-30,2025-06-30,2025-10-07,"New Fulton Fish Market 800 Food Center Dr Bronx, NY, 10474",Bronx,Closure,# of Affected Workers,Permanent,86,7,7
"Klēn Space, Inc.",2025-11-30,2025-06-30,2025-10-07,"Pier 11 Wall St (Waterfront) Manhattan, NY, 10005",New York,Closure,# of Affected Workers,Permanent,89,4,4
"Klēn Space, Inc.",2025-11-30,2025-06-30,2025-10-07,"South Street Seaport 19 Fulton St New York, NY, 10038",New York,Closure,# of Affected Workers,Permanent,99,1,1
"Klēn Space, Inc.",2025-11-30,2025-06-30,2025-10-07,"Staten Island Esplandes 1 Bay St Staten Island, NY, 10301",Richmond,Closure,# of Affected Workers,Permanent,90,4,4
"Klēn Space, Inc.",2025-11-30,2025-06-30,2025-10-07,"Vacant Lot  Brooklyn, NY, 11220",Kings,Closure,# of Affected Workers,Permanent,92,3,3
"KORE Wireless, Inc. and Integron, LLC.",2025-07-28,2025-04-29,2025-10-09,"3750 Monroe Avenue Suite 300 Pittsford, NY, 14534",Monroe,Closure,# of Affected Workers,Permanent,82,51,51
"Landey EV Dispatch, Inc.",2025-08-22,2025-08-11,2025-09-25,"31-00 47th Ave, Suite 2115  Brooklyn, NY, 11101",Queens,Closure,# of Affected Workers,Permanent,110,13,13
"Legends Hospitality, LLC.",2025-04-02,2025-01-02,2025-01-08,"450 West 33rd Street  New York, NY, 10001",New York,Closure,# of Affected Workers,Permanent,455,68,68
"Macy’s Retail Holdings, Inc.",2025-03-23,2025-01-09,2025-03-31,"397 Greece Ridge Center Macy’s Mall at Greece Ridge #71143 Rochester, NY, 14626",Monroe,Closure,# of Affected Workers,Permanent,427,50,50
"Macy’s Retail Holdings, Inc.",2025-03-23,2025-01-09,2025-03-31,"400 Sunrise Mall Macy’s Sunrise New York #71032 Massapequa, NY, 11758",Nassau,Closure,# of Affected Workers,Permanent,426,77,77
Mark D. Fromer MD PC.,2025-08-15,2025-09-22,2025-11-17,"3130 Grand Concourse  Bronx, NY, 10458",Bronx,Closure,# of Affected Workers,Permanent,8,31,31
"Maximus, Inc.",2025-09-30,2025-07-02,2025-07-09,"92-31 Union Hall St 4th Floor Jamaica, NY, 11433",Queens,Closure,# of Affected Workers,Permanent,161,40,40
"Mental Health Association of New York City, Inc.",2025-06-15,2025-02-13,2025-03-21,"2488 Grand Concourse Floor 2 Bronx, NY, 10458",Bronx,Closure,# of Affected Workers,Permanent,430,36,36
"Mercantile Adjustment Bureau, LLC",2025-06-30,2025-06-01,2025-09-04,"165 Lawrence Bell Drive Suite 100 Williamsville, NY, 14221",Erie,Layoff,# of Affected Workers,Temporary,130,42,42
Metro Mattress Corporation,2025-11-07,2025-10-06,2025-10-23,"3545 John Glenn Blvd.  Syracuse, NY, 13209",Onondaga,Closure,# of Affected Workers,Permanent,62,36,36
Morgan Stanley,2025-06-17,2025-03-26,2025-05-21,"55 East 52nd Street  New York, NY, 10055",New York,Layoff,# of Affected Workers,Permanent,382,3,3
Morgan Stanley,2025-06-17,2025-03-26,2025-05-21,"100 Park Avenue  New York, NY, 10017",New York,Layoff,# of Affected Workers,Permanent,384,2,2
Morgan Stanley,2025-06-17,2025-03-26,2025-05-21,"399 Park Avenue  New York, NY, 10022",New York,Layoff,# of Affected Workers,Permanent,383,3,3
Morgan Stanley,2025-06-17,2025-03-19,2025-05-21,"750 7th Avenue  New York, NY, 10019",New York,Layoff,# of Affected Workers,Permanent,386,90,90
Morgan Stanley,2025-06-17,2025-03-26,2025-05-21,"1221 Avenue of Americas  New York, NY, 10020",New York,Layoff,# of Affected Workers,Permanent,385,1,1
Morgan Stanley,2025-06-17,2025-03-26,2025-05-21,"1585 Broadway  New York, NY, 10036",New York,Layoff,# of Affected Workers,Permanent,380,84,84
Morgan Stanley,2025-06-17,2025-03-26,2025-05-21,"1633 Broadway  New York, NY, 10019",New York,Layoff,# of Affected Workers,Permanent,381,47,47
"MS Expert Logistics, LLC.",2025-09-01,2025-06-03,2025-06-05,"640 Columbia Street  Brooklyn, NY, 11231",Kings,Closure,# of Affected Workers,Permanent,371,104,104
Mulligan Security LLC,2025-04-25,2025-04-04,2025-07-01,"45 East 45th Street  New York, NY, 10017",New York,Closure,# of Affected Workers,Permanent,185,111,111
"Mulligan Security, LLC.",2025-03-06,2025-01-31,2025-02-25,"47 Hall Street  Brooklyn, NY, 11205",Kings,Closure,# of Affected Workers,Permanent,445,409,409
"Mulligan Security, LLC.",2025-07-14,2025-04-15,2025-05-06,"47-11 Austelle Place  Long Island City, NY, 11107",Queens,Closure,# of Affected Workers,Permanent,407,73,73
"Mulligan Security, LLC.",2025-07-14,2025-04-15,2025-05-06,"119 Avenue B  New York, NY, 10009",New York,Closure,# of Affected Workers,Permanent,408,13,13
"Mulligan Security, LLC.",2025-07-14,2025-04-15,2025-05-06,"455 Jefferson  East Williamsburg, NY, 11237",Kings,Closure,# of Affected Workers,Permanent,406,84,84
"National Express d/b/a Quality Bus Service, LLC.",2025-06-27,2025-03-25,2025-07-09,"43 Andrews Lane  Chester, NY, 10918",Orange,Closure,# of Affected Workers,Permanent,165,81,81
"NEP Group, Inc.",2025-06-02,2025-03-01,2025-03-13,"89 South Street  New York, NY, 10002",New York,Layoff,# of Affected Workers,Permanent,432,26,26
"Nice Pak Products, LLC.",2025-10-10,2025-09-23,2025-10-17,"1 Blue Hill Plaza  Pearl River, NY, 10965",Rockland,Closure,# of Affected Workers,Permanent,66,30,30
"Nogin Commerce, LLC.",2025-03-16,2025-03-16,2025-03-24,"15 West 38th Street Unit 501 New York, NY, 10018",New York,Closure,# of Affected Workers,Permanent,429,20,20
"Northern Lights Enterprises, Inc.",2025-02-26,2025-02-26,2025-07-18,"3474 Andover Road  Wellsville, NY, 14895",Allegany,Layoff,# of Affected Workers,Permanent,157,38,38
"Nuttall Gear, LLC.",2025-09-05,2025-05-08,2025-10-22,"2221 Niagara Falls Blvd  Niagara Falls, NY, 14304",Niagara,Closure,# of Affected Workers,Permanent,65,60,60
"NYP Holdings, Inc.",2025-08-31,2025-05-29,2025-06-03,"31-70 College Point Blvd  Queens, NY, 11354",Queens,Layoff,# of Affected Workers,Permanent,372,83,83
"Ocean View Family Residence, LLC.",2025-06-30,2025-04-01,2025-04-02,"2221 Loretta Road  Far Rockaway, NY, 11691",Queens,Closure,# of Affected Workers,Permanent,424,29,29
"Odeko, Inc.",2025-06-30,2025-03-31,2025-05-06,"11-25 Broadway  Astoria, NY, 11106",Queens,Closure,# of Affected Workers,Permanent,409,61,61
"Old Navy, Inc.",2025-07-11,2025-04-11,2025-04-16,"150 W 34th Street  New York, NY, 10001",New York,Closure,# of Affected Workers,Permanent,419,95,95
OTG Management - Terminal 5,2025-06-02,2025-03-03,2025-04-17,"JFK International Airport Terminal 5 Jamaica, NY, 11430",Queens,Layoff,# of Affected Workers,Permanent,417,66,66
OTG Management - Terminal 8,2025-08-31,2025-03-03,2025-04-17,"JFK International Airport Terminal 8 Jamaica, NY, 11430",Queens,Closure,# of Affected Workers,Permanent,418,41,41
"Pace Field Services, LLC.",2025-02-06,2025-02-06,2025-03-06,"41 Box Street  Brooklyn, NY, 11222",Kings,Closure,# of Affected Workers,Permanent,436,57,57
Pace Plumbing Corp.,2025-02-06,2025-02-06,2025-02-28,"41 Box Street  Brooklyn, NY, 11222",Kings,Closure,# of Affected Workers,Permanent,439,214,214
"Paradies-JFK, LLC",2025-10-31,2025-08-01,2025-09-04,"JFK Expressway Terminal 4 Jamaica, NY, 11430",Queens,Layoff,# of Affected Workers,Permanent,126,14,14
Paramount Global,2025-09-08,2025-06-10,2025-10-09,"513 W. 57th Street  New York, NY, 10019",New York,Layoff,# of Affected Workers,Permanent,80,1,1
Paramount Global,2025-09-08,2025-06-10,2025-10-09,"524 W. 57th Street  New York, NY, 10019",New York,Layoff,# of Affected Workers,Permanent,79,7,7
Paramount Global,2025-09-08,2025-06-10,2025-10-09,"555 W. 57th Street  New York, NY, 10019",New York,Layoff,# of Affected Workers,Permanent,78,11,11
Paramount Global,2025-09-08,2025-06-10,2025-10-09,"1515 Broadway  New York, NY, 10036",New York,Layoff,# of Affected Workers,Permanent,77,233,233
"Philippe NYC 1, LLC.",2025-07-07,2025-04-07,2025-05-16,"33 E. 60th Street  New York, NY, 10065",New York,Closure,# of Affected Workers,Permanent,388,64,64
"Pinnacle City Living, LLC.",2025-12-16,2025-09-16,2025-11-06,"28 Lamartine Terrace  Yonkers, NY, 10701",Westchester,Closure,# of Affected Workers,Permanent,46,3,3
"Pinnacle City Living, LLC.",2025-12-16,2025-09-16,2025-11-06,"35 Claver Place  Brooklyn, NY, 11238",Kings,Closure,# of Affected Workers,Permanent,53,1,1
"Pinnacle City Living, LLC.",2025-12-16,2025-09-16,2025-11-06,"37 West 8th Street  New York, NY, 10011",New York,Closure,# of Affected Workers,Permanent,55,1,1
"Pinnacle City Living, LLC.",2025-12-16,2025-09-16,2025-11-06,"50 St. Andrews Place  Yonkers, NY, 10705",Westchester,Closure,# of Affected Workers,Permanent,51,2,2
"Pinnacle City Living, LLC.",2025-12-16,2025-09-16,2025-11-06,"63 Wall Street  New York, NY, 10005",New York,Closure,# of Affected Workers,Permanent,38,6,6
"Pinnacle City Living, LLC.",2025-12-16,2025-09-16,2025-11-06,"112 St. Edwards Street  Brooklyn, NY, 11205",Kings,Closure,# of Affected Workers,Permanent,42,3,3
"Pinnacle City Living, LLC.",2025-12-16,2025-09-16,2025-11-06,"130 West 15th Street  New York, NY, 10011",New York,Closure,# of Affected Workers,Permanent,33,13,13
"Pinnacle City Living, LLC.",2025-12-16,2025-09-16,2025-11-06,"146 S. 4th Street  Brooklyn, NY, 11211",Kings,Closure,# of Affected Workers,Permanent,54,1,1
"Pinnacle City Living, LLC.",2025-12-16,2025-09-16,2025-11-06,"153-19 Jamaica Avenue  Queens, NY, 11432",Queens,Closure,# of Affected Workers,Permanent,44,3,3
"Pinnacle City Living, LLC.",2025-12-16,2025-09-16,2025-11-06,"159 Alaska Street  Staten Island, NY, 10310",Richmond,Closure,# of Affected Workers,Permanent,45,3,3
"Pinnacle City Living, LLC.",2025-12-16,2025-09-16,2025-11-06,"200 E 87th Street  New York, NY, 10128",New York,Closure,# of Affected Workers,Permanent,34,13,13
"Pinnacle City Living, LLC.",2025-12-16,2025-09-16,2025-11-06,"200 E. 82nd Street  New York, NY, 10028",New York,Closure,# of Affected Workers,Permanent,43,3,3
"Pinnacle City Living, LLC.",2025-12-16,2025-09-16,2025-11-06,"200 Montague Street  Brooklyn, NY, 11201",Kings,Closure,# of Affected Workers,Permanent,37,7,7
"Pinnacle City Living, LLC.",2025-12-16,2025-09-16,2025-11-06,"201 West 81st Street  New York, NY, 10024",New York,Closure,# of Affected Workers,Permanent,56,1,1
"Pinnacle City Living, LLC.",2025-12-16,2025-09-16,2025-11-06,"210 Broadway  Staten Island, NY, 10310",Richmond,Closure,# of Affected Workers,Permanent,35,9,9
"Pinnacle City Living, LLC.",2025-12-16,2025-09-16,2025-11-06,"221 Second Avenue  New York, NY, 10003",New York,Closure,# of Affected Workers,Permanent,57,1,1
"Pinnacle City Living, LLC.",2025-12-16,2025-09-16,2025-11-06,"280 East 161 Street  Bronx, NY, 10451",Bronx,Closure,# of Affected Workers,Permanent,36,8,8
"Pinnacle City Living, LLC.",2025-12-16,2025-09-16,2025-11-06,"300 Niagara Street  Buffalo, NY, 14201",Erie,Closure,# of Affected Workers,Permanent,41,3,3
"Pinnacle City Living, LLC.",2025-12-16,2025-09-16,2025-11-06,"321 East 69th Street  New York, NY, 10021",New York,Closure,# of Affected Workers,Permanent,58,1,1
"Pinnacle City Living, LLC.",2025-12-16,2025-09-16,2025-11-06,"395 Leonard Street  Brooklyn, NY, 11211",Kings,Closure,# of Affected Workers,Permanent,49,2,2
"Pinnacle City Living, LLC.",2025-12-16,2025-09-16,2025-11-06,"426-428 West 48th Street  New York, NY, 10022",New York,Closure,# of Affected Workers,Permanent,59,1,1
"Pinnacle City Living, LLC.",2025-12-16,2025-09-16,2025-11-06,"440 Clinton Street  Buffalo, NY, 14204",Erie,Closure,# of Affected Workers,Permanent,40,5,5
"Pinnacle City Living, LLC.",2025-12-16,2025-09-16,2025-11-06,"707 Concourse Village West  Bronx, NY, 10451",Bronx,Closure,# of Affected Workers,Permanent,39,5,5
"Pinnacle City Living, LLC.",2025-12-16,2025-09-16,2025-11-06,"972-976 Leggett Avenue  Bronx, NY, 10455",Bronx,Closure,# of Affected Workers,Permanent,52,1,1
"Pinnacle City Living, LLC.",2025-12-16,2025-09-16,2025-11-06,"1105 Jerome Avenue  Bronx, NY, 10452",Bronx,Closure,# of Affected Workers,Permanent,47,2,2
"Pinnacle City Living, LLC.",2025-12-16,2025-09-16,2025-11-06,"1201 Broadway  New York, NY, 10001",New York,Closure,# of Affected Workers,Permanent,32,35,35
"Pinnacle City Living, LLC.",2025-12-16,2025-09-16,2025-11-06,"1290 Avenue of the Americas  New York, NY, 10104",New York,Closure,# of Affected Workers,Permanent,60,1,1
"Pinnacle City Living, LLC.",2025-12-16,2025-09-16,2025-11-06,"1620 Fulton Street  Brooklyn, NY, 11213",Kings,Closure,# of Affected Workers,Permanent,50,2,2
"Pinnacle City Living, LLC.",2025-12-16,2025-09-16,2025-11-06,"2363 Southern Blvd  Bronx, NY, 10460",Bronx,Closure,# of Affected Workers,Permanent,48,2,2
"Pinnacle Northeast Union, LLC",2025-12-16,2025-09-17,2025-09-25,"395 Leonard Street  Brooklyn, NY, 11211",Kings,Closure,# of Affected Workers,Permanent,107,5,5
"Pinnacle Thermal Solutions, LLC.",2025-02-06,2025-02-06,2025-03-04,"41 Box Street  Brooklyn, NY, 11222",Kings,Closure,# of Affected Workers,Permanent,438,4,4
PL Developments,2025-11-18,2025-08-18,2025-09-24,"200 Hicks St  Westbury, NY, 11590",Nassau,Layoff,# of Affected Workers,Permanent,113,94,94
"Plug Power, Inc.",2025-06-23,2025-03-25,2025-07-03,"125 Vista Blvd.  Slingerlands, NY, 12159",Albany,Layoff,# of Affected Workers,Permanent,177,278,278
"Plug Power, Inc.",2025-06-23,2025-03-25,2025-07-03,"620 Van Patten Drive  Clifton Park, NY, 12065",Saratoga,Layoff,# of Affected Workers,Permanent,179,2,2
"Plug Power, Inc.",2025-06-23,2025-03-25,2025-07-03,"968 Albany Shaker Rd  Latham, NY, 12110",Albany,Layoff,# of Affected Workers,Permanent,178,87,87
Poly Craft Industries Corp.,2025-07-31,2025-04-30,2025-09-25,"40 Ranick Road  Hauppauge, NY, 11788",Suffolk,Closure,# of Affected Workers,Permanent,111,58,58
Poly Craft Industries Corp.,2025-07-31,2025-04-30,2025-09-25,"65 Commerce Drive  Hauppauge, NY, 11788",Suffolk,Closure,# of Affected Workers,Permanent,112,7,7
"Poly-Pak Industries Group, LLC",2025-05-01,2025-01-29,2025-02-06,"125 Spagnoli Road  Melville, NY, 11747",Suffolk,Closure,# of Affected Workers,Permanent,448,146,146
"Presto Transport, LLC.",2025-06-06,2025-05-23,2025-06-10,"55-15 Grand Avenue  Maspeth, NY, 11378",Queens,Closure,# of Affected Workers,Permanent,370,56,56
Preston High School,2025-06-30,2025-03-24,2025-05-01,"2780 Schurz Avenue  Bronx, NY, 10465",Bronx,Closure,# of Affected Workers,Permanent,411,0,0
Public Health Solutions,2025-04-06,2025-01-06,2025-01-08,"295 Flatbush Ave Ext  Brooklyn, NY, 11201",Kings,Closure,# of Affected Workers,Permanent,453,23,23
Public Health Solutions,2025-04-06,2025-01-06,2025-01-08,"1873 Eastern Pkwy  Brooklyn, NY, 11233",Kings,Closure,# of Affected Workers,Permanent,454,8,8
QuantumScape Battery Inc.,2025-01-28,2025-01-28,2025-02-05,"One Remote employee  East Hampton, NY, 11937",Suffolk,Layoff,# of Affected Workers,Permanent,449,1,1
"Rapid Reliable Care by DocGo, LLC",2025-03-08,2025-03-14,2025-05-09,"45 E 45th St  New York, NY, 10017",New York,Closure,# of Affected Workers,Permanent,401,52,52
"Rapid Reliable Care by DocGo, LLC",2025-03-08,2025-02-27,2025-05-09,"47 Hall Street  Brooklyn, NY, 11205",Kings,Closure,# of Affected Workers,Permanent,402,183,183
"Rapid Reliable Care by DocGo, LLC",2025-03-08,2025-03-25,2025-05-09,"47-11 Austell Place Austell Place Humanitarian Emergency Response and Relief Center Long Island City, NY, 11101",Queens,Closure,# of Affected Workers,Permanent,399,6,6
"Rapid Reliable Care by DocGo, LLC",2025-03-08,2025-02-27,2025-05-09,"220 W 42nd St  New York, NY, 10036",New York,Closure,# of Affected Workers,Permanent,403,45,45
"Rapid Reliable Care by DocGo, LLC",2025-03-08,2025-02-27,2025-05-09,"371 Seventh Ave  New York, NY, 10001",New York,Closure,# of Affected Workers,Permanent,404,43,43
"Rapid Reliable Care by DocGo, LLC",2025-03-08,2025-02-27,2025-05-09,"440 W 57th Street  New York, NY, 10019",New York,Closure,# of Affected Workers,Permanent,405,37,37
"Rapid Reliable Care by DocGo, LLC",2025-03-08,2025-03-25,2025-05-09,"455 Jefferson Street Jefferson Humanitarian Emergency Response and Relief Center Brooklyn, NY, 11237",Kings,Closure,# of Affected Workers,Permanent,400,4,4
"Rapid Reliable Care by DocGo, LLC",2025-03-08,2025-03-25,2025-05-09,"825 E 141 St Bruckner Humanitarian Emergency Response and Relief Center Bronx, NY, 10454",Bronx,Closure,# of Affected Workers,Permanent,398,12,12
RCA Servicer at Westfield,2025-10-20,2025-08-25,2025-09-25,"26 Cass St.  Westfield, NY, 14787",Chautauqua,Closure,# of Affected Workers,Permanent,108,93,93
"Red Clam, LLC.",2025-09-23,2025-06-20,2025-06-26,"170 Thompson St  New York, NY, 10012",New York,Closure,# of Affected Workers,Permanent,187,33,33
Restaurant Associates,2025-09-29,2025-07-08,2025-08-14,"388 Greenwich Street  New York, NY, 10013",New York,Closure,# of Affected Workers,Permanent,141,79,79
Revel Leasing Corp.,2025-08-22,2025-08-11,2025-09-30,"35 Bowne St.  Brooklyn, NY, 11231",Kings,Closure,# of Affected Workers,Permanent,105,4,4
Revel Leasing Corp.,2025-08-22,2025-08-11,2025-09-30,"42-09 28th St.  Queens, NY, 11101",Queens,Closure,# of Affected Workers,Permanent,104,12,12
Revel Leasing Corp.,2025-08-22,2025-08-11,2025-09-30,"467 Marcy Avenue  Brooklyn, NY, 11206",Kings,Closure,# of Affected Workers,Permanent,103,19,19
Revel Transit Inc.,2025-08-22,2025-08-11,2025-09-25,"273 S 5th St. Suite 301  Brooklyn, NY, 11211",Kings,Layoff,# of Affected Workers,Permanent,109,29,29
Rite Aid,2025-06-04,2025-05-05,2025-06-12,"1 Crum Elbow Road  Hyde Park, NY, 12538",Dutchess,Closure,# of Affected Workers,Permanent,234,14,14
Rite Aid,2025-06-04,2025-05-05,2025-06-12,"9 Broad Street  Salamanca, NY, 14779",Cattaraugus,Closure,# of Affected Workers,Permanent,244,13,13
Rite Aid,2025-06-04,2025-05-05,2025-06-12,"18 Indian Head Road  Kings Park, NY, 11754",Suffolk,Closure,# of Affected Workers,Permanent,292,11,11
Rite Aid,2025-06-04,2025-05-05,2025-06-12,"21-25 Broadway  Long Island City, NY, 11106",Queens,Closure,# of Affected Workers,Permanent,218,16,16
Rite Aid,2025-06-04,2025-05-05,2025-06-12,"21B Knolls Crescent  Bronx, NY, 10463",Bronx,Closure,# of Affected Workers,Permanent,328,9,9
Rite Aid,2025-06-04,2025-05-05,2025-06-12,"23 Eastport Manor Road  Eastport, NY, 11941",Suffolk,Closure,# of Affected Workers,Permanent,341,9,9
Rite Aid,2025-06-04,2025-05-05,2025-06-12,"33-01 30Th Avenue  Astoria, NY, 11103",Queens,Closure,# of Affected Workers,Permanent,195,22,22
Rite Aid,2025-06-04,2025-05-05,2025-06-12,"40 South Erie Street  Mayville, NY, 14757",Chautauqua,Closure,# of Affected Workers,Permanent,355,7,7
Rite Aid,2025-06-04,2025-05-05,2025-06-12,"40 West Main Street  Springville, NY, 14141",Erie,Closure,# of Affected Workers,Permanent,332,9,9
Rite Aid,2025-06-04,2025-05-05,2025-06-12,"43-20 Bell Blvd.  Bayside, NY, 11361",Queens,Closure,# of Affected Workers,Permanent,207,17,17
Rite Aid,2025-06-04,2025-05-05,2025-06-12,"43-68 Amboy Road  Staten Island, NY, 10312",Richmond,Closure,# of Affected Workers,Permanent,276,12,12
Rite Aid,2025-06-04,2025-05-05,2025-06-12,"46 Kellogg Road  New Hartford, NY, 13413",Oneida,Closure,# of Affected Workers,Permanent,317,10,10
Rite Aid,2025-06-04,2025-05-05,2025-06-12,"50 East Montauk Highway  Hampton Bays, NY, 11946",Suffolk,Closure,# of Affected Workers,Permanent,242,14,14
Rite Aid,2025-06-04,2025-05-05,2025-06-12,"50 Great Neck Road  Great Neck, NY, 11021",Nassau,Closure,# of Affected Workers,Permanent,270,12,12
Rite Aid,2025-06-04,2025-05-05,2025-06-12,"50 South Main Street  Jamestown, NY, 14701",Chautauqua,Closure,# of Affected Workers,Permanent,204,17,17
Rite Aid,2025-06-04,2025-05-05,2025-06-12,"50-15 Roosevelt Avenue  Woodside, NY, 11377",Queens,Closure,# of Affected Workers,Permanent,256,13,13
Rite Aid,2025-06-04,2025-05-05,2025-06-12,"60 Central Avenue  Lancaster, NY, 14086",Erie,Closure,# of Affected Workers,Permanent,225,15,15
Rite Aid,2025-06-04,2025-05-05,2025-06-12,"60-26 Woodside Avenue  Woodside, NY, 11377",Queens,Closure,# of Affected Workers,Permanent,239,14,14
Rite Aid,2025-06-04,2025-05-05,2025-06-12,"81 1st Avenue  New York, NY, 10003",New York,Closure,# of Affected Workers,Permanent,228,15,15
Rite Aid,2025-06-04,2025-05-05,2025-06-12,"81 West Main Street  Gowanda, NY, 14070",Cattaraugus,Closure,# of Affected Workers,Permanent,297,10,10
Rite Aid,2025-06-04,2025-05-05,2025-06-12,"82 Nugent Street  Southampton, NY, 11968",Suffolk,Closure,# of Affected Workers,Permanent,342,9,9
Rite Aid,2025-06-04,2025-05-05,2025-06-12,"83 Vandenburgh Ave  Troy, NY, 12180",Rensselaer,Closure,# of Affected Workers,Permanent,275,12,12
Rite Aid,2025-06-04,2025-05-05,2025-06-12,"85-10 Northern Boulevard  Jackson Heights, NY, 11372",Queens,Closure,# of Affected Workers,Permanent,257,13,13
Rite Aid,2025-06-04,2025-05-05,2025-06-12,"100 Conhocton St  Corning, NY, 14830",Steuben,Closure,# of Affected Workers,Permanent,291,11,11
Rite Aid,2025-06-04,2025-05-05,2025-06-12,"101 South Main Street  Newark, NY, 14513",Wayne,Closure,# of Affected Workers,Permanent,343,9,9
Rite Aid,2025-06-04,2025-05-05,2025-06-12,"102-30 Atlantic Avenue  Ozone Park, NY, 11416",Queens,Closure,# of Affected Workers,Permanent,219,16,16
Rite Aid,2025-06-04,2025-05-05,2025-06-12,"103 Hawkins Drive  Montgomery, NY, 12549",Orange,Closure,# of Affected Workers,Permanent,352,8,8
Rite Aid,2025-06-04,2025-05-05,2025-06-12,"109-07 101St Avenue  Jamaica, NY, 11419",Queens,Closure,# of Affected Workers,Permanent,220,16,16
Rite Aid,2025-06-04,2025-05-05,2025-06-12,"113 Downer Street  Baldwinsville, NY, 13027",Onondaga,Closure,# of Affected Workers,Permanent,274,12,12
Rite Aid,2025-06-04,2025-05-05,2025-06-12,"122-02 Liberty Avenue  South Richmond Hill, NY, 11419",Queens,Closure,# of Affected Workers,Permanent,221,16,16
Rite Aid,2025-06-04,2025-05-05,2025-06-12,"124 Ridge Street  Glens Falls, NY, 12801",Ulster,Closure,# of Affected Workers,Permanent,296,11,11
Rite Aid,2025-06-04,2025-05-05,2025-06-12,"125 South Transit Street  Lockport, NY, 14094",Niagara,Closure,# of Affected Workers,Permanent,271,12,12
Rite Aid,2025-06-04,2025-05-05,2025-06-12,"130 Washburn Street  Lockport, NY, 14094",Niagara,Closure,# of Affected Workers,Permanent,349,8,8
Rite Aid,2025-06-04,2025-05-05,2025-06-12,"133 Route 303  Valley Cottage, NY, 10989",Rockland,Closure,# of Affected Workers,Permanent,277,12,12
Rite Aid,2025-06-04,2025-05-05,2025-06-12,"138 Elm Street  Penn Yan, NY, 14527",Yates,Closure,# of Affected Workers,Permanent,327,10,10
Rite Aid,2025-06-04,2025-05-05,2025-06-12,"140 Pine Street  Hamburg, NY, 14075",Erie,Closure,# of Affected Workers,Permanent,259,12,12
Rite Aid,2025-06-04,2025-05-05,2025-06-12,"141 Oriskany Boulevard  Whitesboro, NY, 13492",Oneida,Closure,# of Affected Workers,Permanent,318,10,10
Rite Aid,2025-06-04,2025-05-05,2025-06-12,"149 Market Street  Amsterdam, NY, 12010",Montgomery,Closure,# of Affected Workers,Permanent,313,10,10
Rite Aid,2025-06-04,2025-05-05,2025-06-12,"153 Prospect Street  Attica, NY, 14011",Wyoming,Closure,# of Affected Workers,Permanent,326,10,10
Rite Aid,2025-06-04,2025-05-05,2025-06-12,"158-02 Union Turnpike  Flushing, NY, 11366",Queens,Closure,# of Affected Workers,Permanent,201,19,19
Rite Aid,2025-06-04,2025-05-05,2025-06-12,"159 Route 6  Mahopac, NY, 10541",Putnam,Closure,# of Affected Workers,Permanent,339,9,9
Rite Aid,2025-06-04,2025-05-05,2025-06-12,"165-02 Baisley Boulevard  Jamaica, NY, 11434",Queens,Closure,# of Affected Workers,Permanent,240,14,14
Rite Aid,2025-06-04,2025-05-05,2025-06-12,"168 North Village Avenue  Rockville Centre, NY, 11570",Nassau,Closure,# of Affected Workers,Permanent,314,10,10
Rite Aid,2025-06-04,2025-05-05,2025-06-12,"170 Eastern Blvd.  Canandaigua, NY, 14424",Ontario,Closure,# of Affected Workers,Permanent,351,8,8
Rite Aid,2025-06-04,2025-05-05,2025-06-12,"172 North Main Street  Gloversville, NY, 12078",Genesee,Closure,# of Affected Workers,Permanent,348,8,8
Rite Aid,2025-06-04,2025-05-05,2025-06-12,"180 Route 52  Carmel, NY, 10512",Putnam,Closure,# of Affected Workers,Permanent,288,11,11
Rite Aid,2025-06-04,2025-05-05,2025-06-12,"190 Main Street  East Aurora, NY, 14052",Erie,Closure,# of Affected Workers,Permanent,281,11,11
Rite Aid,2025-06-04,2025-05-05,2025-06-12,"201 Conklin Avenue  Binghamton, NY, 13903",Broome,Closure,# of Affected Workers,Permanent,344,8,8
Rite Aid,2025-06-04,2025-05-05,2025-06-12,"209 Mount Zoar Street  Elmira, NY, 14904",Chemung,Closure,# of Affected Workers,Permanent,301,10,10
Rite Aid,2025-06-04,2025-05-05,2025-06-12,"210 Post Avenue  Westbury, NY, 11590",Nassau,Closure,# of Affected Workers,Permanent,206,17,17
Rite Aid,2025-06-04,2025-05-05,2025-06-12,"214 Central Avenue  Silver Creek, NY, 14136",Chautauqua,Closure,# of Affected Workers,Permanent,298,10,10
Rite Aid,2025-06-04,2025-05-05,2025-06-12,"229 Independence Plaza  Selden, NY, 11784",Suffolk,Closure,# of Affected Workers,Permanent,354,8,8
Rite Aid,2025-06-04,2025-05-05,2025-06-12,"238 Hooker Avenue  Poughkeepsie, NY, 12603",Dutchess,Closure,# of Affected Workers,Permanent,224,15,15
Rite Aid,2025-06-04,2025-05-05,2025-06-12,"245-14 Francis Lewis Blvd  Rosedale, NY, 11422",Queens,Closure,# of Affected Workers,Permanent,202,19,19
Rite Aid,2025-06-04,2025-05-05,2025-06-12,"265 North Union Street  Olean, NY, 14760",Cattaraugus,Closure,# of Affected Workers,Permanent,245,13,13
Rite Aid,2025-06-04,2025-05-05,2025-06-12,"272 Hoosick Street  Troy, NY, 12180",Rensselaer,Closure,# of Affected Workers,Permanent,340,9,9
Rite Aid,2025-06-04,2025-05-05,2025-06-12,"284 Connecticut Street  Buffalo, NY, 14213",Erie,Closure,# of Affected Workers,Permanent,282,11,11
Rite Aid,2025-06-04,2025-05-05,2025-06-12,"320 Main Street  Beacon, NY, 12508",Dutchess,Closure,# of Affected Workers,Permanent,330,9,9
Rite Aid,2025-06-04,2025-05-05,2025-06-12,"320 Smith Street  Brooklyn, NY, 11231",Kings,Closure,# of Affected Workers,Permanent,211,16,16
Rite Aid,2025-06-04,2025-05-05,2025-06-12,"338 West Washington Street  Bath, NY, 14810",Steuben,Closure,# of Affected Workers,Permanent,241,14,14
Rite Aid,2025-06-04,2025-05-05,2025-06-12,"343 Meadow Drive  North Tonawanda, NY, 14120",Niagara,Closure,# of Affected Workers,Permanent,363,7,7
Rite Aid,2025-06-04,2025-05-05,2025-06-12,"350 Niagara Street  Buffalo, NY, 14201",Erie,Closure,# of Affected Workers,Permanent,209,16,16
Rite Aid,2025-06-04,2025-05-05,2025-06-12,"391 West Main Street  Huntington, NY, 11743",Suffolk,Closure,# of Affected Workers,Permanent,243,14,14
Rite Aid,2025-06-04,2025-05-05,2025-06-12,"400 Chestnut Street  Oneonta, NY, 13820",Otsego,Closure,# of Affected Workers,Permanent,255,13,13
Rite Aid,2025-06-04,2025-05-05,2025-06-12,"405 Erie Boulevard West  Rome, NY, 13440",Oneida,Closure,# of Affected Workers,Permanent,230,15,15
Rite Aid,2025-06-04,2025-05-05,2025-06-12,"419 Division Street  North Tonawanda, NY, 14120",Niagara,Closure,# of Affected Workers,Permanent,253,13,13
Rite Aid,2025-06-04,2025-05-05,2025-06-12,"420 Hamilton Street  Geneva, NY, 14456",Ontario,Closure,# of Affected Workers,Permanent,287,11,11
Rite Aid,2025-06-04,2025-05-05,2025-06-12,"424 Elmwood Ave.  Buffalo, NY, 14222",Erie,Closure,# of Affected Workers,Permanent,357,7,7
Rite Aid,2025-06-04,2025-05-05,2025-06-12,"476 William Street  Buffalo, NY, 14206",Erie,Closure,# of Affected Workers,Permanent,235,14,14
Rite Aid,2025-06-04,2025-05-05,2025-06-12,"480 Evans Road  Williamsville, NY, 14221",Erie,Closure,# of Affected Workers,Permanent,333,9,9
Rite Aid,2025-06-04,2025-05-05,2025-06-12,"485 Broadway  Kingston, NY, 12401",Ulster,Closure,# of Affected Workers,Permanent,278,12,12
Rite Aid,2025-06-04,2025-05-05,2025-06-12,"511 Hooper Road  Endwell, NY, 13760",Broome,Closure,# of Affected Workers,Permanent,367,6,6
Rite Aid,2025-06-04,2025-05-05,2025-06-12,"519 Butternut Street  Syracuse, NY, 13208",Onondaga,Closure,# of Affected Workers,Permanent,198,20,20
Rite Aid,2025-06-04,2025-05-05,2025-06-12,"532A Union Blvd.  West Islip, NY, 11795",Suffolk,Closure,# of Affected Workers,Permanent,222,16,16
Rite Aid,2025-06-04,2025-05-05,2025-06-12,"534 Hudson Street  New York, NY, 10014",New York,Closure,# of Affected Workers,Permanent,200,19,19
Rite Aid,2025-06-04,2025-05-05,2025-06-12,"539 North Main Street  Canandaigua, NY, 14424",Ontario,Closure,# of Affected Workers,Permanent,254,13,13
Rite Aid,2025-06-04,2025-05-05,2025-06-12,"600 North Wellwood Avenue  Lindenhurst, NY, 11757",Suffolk,Closure,# of Affected Workers,Permanent,232,15,15
Rite Aid,2025-06-04,2025-05-05,2025-06-12,"601 E. Main Street  Batavia, NY, 14020",Genesee,Closure,# of Affected Workers,Permanent,310,10,10
Rite Aid,2025-06-04,2025-05-05,2025-06-12,"605 Titus Avenue  Rochester, NY, 14617",Monroe,Closure,# of Affected Workers,Permanent,312,10,10
Rite Aid,2025-06-04,2025-05-05,2025-06-12,"654 Colvin Avenue  Kenmore, NY, 14217",Erie,Closure,# of Affected Workers,Permanent,246,13,13
Rite Aid,2025-06-04,2025-05-05,2025-06-12,"657 Broadway  Newburgh, NY, 12550",Orange,Closure,# of Affected Workers,Permanent,231,15,15
Rite Aid,2025-06-04,2025-05-05,2025-06-12,"701 Route 211 East  Middletown, NY, 10941",Orange,Closure,# of Affected Workers,Permanent,321,10,10
Rite Aid,2025-06-04,2025-05-05,2025-06-12,"731 Center Street  Lewiston, NY, 14092",Niagara,Closure,# of Affected Workers,Permanent,364,7,7
Rite Aid,2025-06-04,2025-05-05,2025-06-12,"783 Manhattan Avenue  Brooklyn, NY, 11222",Kings,Closure,# of Affected Workers,Permanent,267,12,12
Rite Aid,2025-06-04,2025-05-05,2025-06-12,"789 Tonawanda Street  Buffalo, NY, 14207",Erie,Closure,# of Affected Workers,Permanent,247,13,13
Rite Aid,2025-06-04,2025-05-05,2025-06-12,"798 Harlem Road  West Seneca, NY, 14224",Erie,Closure,# of Affected Workers,Permanent,283,11,11
Rite Aid,2025-06-04,2025-05-05,2025-06-12,"803 Montauk Hwy Unit D  Shirley, NY, 11967",Suffolk,Closure,# of Affected Workers,Permanent,293,11,11
Rite Aid,2025-06-04,2025-05-05,2025-06-12,"804 Route 82  Hopewell Junction, NY, 12533",Dutchess,Closure,# of Affected Workers,Permanent,303,10,10
Rite Aid,2025-06-04,2025-05-05,2025-06-12,"845 Abbott Road  Buffalo, NY, 14220",Erie,Closure,# of Affected Workers,Permanent,334,9,9
Rite Aid,2025-06-04,2025-05-05,2025-06-12,"864 Middle Country Road  Middle Island, NY, 11953",Suffolk,Closure,# of Affected Workers,Permanent,324,10,10
Rite Aid,2025-06-04,2025-05-05,2025-06-12,"871 Saw Mill River Road  Ardsley, NY, 10502",Westchester,Closure,# of Affected Workers,Permanent,325,10,10
Rite Aid,2025-06-04,2025-05-05,2025-06-12,"950-960 Southern Boulevard  Bronx, NY, 10459",Bronx,Closure,# of Affected Workers,Permanent,196,21,21
Rite Aid,2025-06-04,2025-05-05,2025-06-12,"961 Port Washington Blvd.  Port Washington, NY, 11050",Nassau,Closure,# of Affected Workers,Permanent,216,16,16
Rite Aid,2025-06-04,2025-05-05,2025-06-12,"963 Fairmount Avenue West  Jamestown, NY, 14701",Chautauqua,Closure,# of Affected Workers,Permanent,329,9,9
Rite Aid,2025-06-04,2025-05-05,2025-06-12,"1000 North Clinton Avenue  Rochester, NY, 14621",Monroe,Closure,# of Affected Workers,Permanent,269,12,12
Rite Aid,2025-06-04,2025-05-05,2025-06-12,"1000 Pennsylvania Avenue  Elmira, NY, 14904",Chemung,Closure,# of Affected Workers,Permanent,302,10,10
Rite Aid,2025-06-04,2025-05-05,2025-06-12,"1030 Pine Avenue  Niagara Falls, NY, 14301",Niagara,Closure,# of Affected Workers,Permanent,217,16,16
Rite Aid,2025-06-04,2025-05-05,2025-06-12,"1067 State Route 222  Cortland, NY, 13045",Cortland,Closure,# of Affected Workers,Permanent,223,15,15
Rite Aid,2025-06-04,2025-05-05,2025-06-12,"1070 Genesee Street  Buffalo, NY, 14211",Erie,Closure,# of Affected Workers,Permanent,284,11,11
Rite Aid,2025-06-04,2025-05-05,2025-06-12,"1166 Central Avenue  Dunkirk, NY, 14048",Chautauqua,Closure,# of Affected Workers,Permanent,299,10,10
Rite Aid,2025-06-04,2025-05-05,2025-06-12,"1200 Deer Park Avenue  North Babylon, NY, 11703",Suffolk,Closure,# of Affected Workers,Permanent,294,11,11
Rite Aid,2025-06-04,2025-05-05,2025-06-12,"1224 East Lovejoy Street  Buffalo, NY, 14206",Erie,Closure,# of Affected Workers,Permanent,358,7,7
Rite Aid,2025-06-04,2025-05-05,2025-06-12,"1225 Western Avenue  Albany, NY, 12203",Albany,Closure,# of Affected Workers,Permanent,208,16,16
Rite Aid,2025-06-04,2025-05-05,2025-06-12,"1410 Delaware Avenue  Buffalo, NY, 14209",Erie,Closure,# of Affected Workers,Permanent,248,13,13
Rite Aid,2025-06-04,2025-05-05,2025-06-12,"1454 Union Road  West Seneca, NY, 14224",Erie,Closure,# of Affected Workers,Permanent,345,8,8
Rite Aid,2025-06-04,2025-05-05,2025-06-12,"1483 Route 9  Clifton Park, NY, 12065",Saratoga,Closure,# of Affected Workers,Permanent,353,8,8
Rite Aid,2025-06-04,2025-05-05,2025-06-12,"1511 Route 22 Suite A  Brewster, NY, 10509",Putnam,Closure,# of Affected Workers,Permanent,289,11,11
Rite Aid,2025-06-04,2025-05-05,2025-06-12,"1604 Route 9  Wappingers Falls, NY, 12590",Dutchess,Closure,# of Affected Workers,Permanent,331,9,9
Rite Aid,2025-06-04,2025-05-05,2025-06-12,"1631-43 Pitkin Avenue  Brooklyn, NY, 11212",Kings,Closure,# of Affected Workers,Permanent,205,17,17
Rite Aid,2025-06-04,2025-05-05,2025-06-12,"1640 Hopkins Road  Williamsville, NY, 14221",Erie,Closure,# of Affected Workers,Permanent,236,14,14
Rite Aid,2025-06-04,2025-05-05,2025-06-12,"1679 Bedford Avenue  Brooklyn, NY, 11225",Kings,Closure,# of Affected Workers,Permanent,268,12,12
Rite Aid,2025-06-04,2025-05-05,2025-06-12,"1701 Route 9  Clifton Park, NY, 12065",Saratoga,Closure,# of Affected Workers,Permanent,322,10,10
Rite Aid,2025-06-04,2025-05-05,2025-06-12,"1792 North Goodman Street  Rochester, NY, 14609",Monroe,Closure,# of Affected Workers,Permanent,237,14,14
Rite Aid,2025-06-04,2025-05-05,2025-06-12,"1820 Teall Ave  Syracuse, NY, 13206",Onondaga,Closure,# of Affected Workers,Permanent,319,10,10
Rite Aid,2025-06-04,2025-05-05,2025-06-12,"1863 Central Avenue  Colonie, NY, 12205",Albany,Closure,# of Affected Workers,Permanent,279,11,11
Rite Aid,2025-06-04,2025-05-05,2025-06-12,"1896 Route 6  Carmel, NY, 10512",Putnam,Closure,# of Affected Workers,Permanent,366,7,7
Rite Aid,2025-06-04,2025-05-05,2025-06-12,"1924 Genesee Street  Utica, NY, 13502",Oneida,Closure,# of Affected Workers,Permanent,273,12,12
Rite Aid,2025-06-04,2025-05-05,2025-06-12,"1941 Seneca Street  Buffalo, NY, 14210",Erie,Closure,# of Affected Workers,Permanent,305,10,10
Rite Aid,2025-06-04,2025-05-05,2025-06-12,"1950 Fulton Street  Brooklyn, NY, 11233",Kings,Closure,# of Affected Workers,Permanent,199,19,19
Rite Aid,2025-06-04,2025-05-05,2025-06-12,"2063 Bartow Avenue  Bronx, NY, 10475",Bronx,Closure,# of Affected Workers,Permanent,233,14,14
Rite Aid,2025-06-04,2025-05-05,2025-06-12,"2064 Mill Avenue  Brooklyn, NY, 11234",Kings,Closure,# of Affected Workers,Permanent,212,16,16
Rite Aid,2025-06-04,2025-05-05,2025-06-12,"2144 Grand Central Avenue  Horseheads, NY, 14845",Chemung,Closure,# of Affected Workers,Permanent,280,11,11
Rite Aid,2025-06-04,2025-05-05,2025-06-12,"2175 South Park Avenue  Buffalo, NY, 14220",Erie,Closure,# of Affected Workers,Permanent,359,7,7
Rite Aid,2025-06-04,2025-05-05,2025-06-12,"2260 Jerusalem Avenue  North Bellmore, NY, 11710",Nassau,Closure,# of Affected Workers,Permanent,238,14,14
Rite Aid,2025-06-04,2025-05-05,2025-06-12,"2315 William Street  Buffalo, NY, 14206",Erie,Closure,# of Affected Workers,Permanent,306,10,10
Rite Aid,2025-06-04,2025-05-05,2025-06-12,"2325 Grand Island Blvd.  Grand Island, NY, 14072",Erie,Closure,# of Affected Workers,Permanent,260,12,12
Rite Aid,2025-06-04,2025-05-05,2025-06-12,"2330 Niagara Falls Blvd.  Tonawanda, NY, 14150",Erie,Closure,# of Affected Workers,Permanent,249,13,13
Rite Aid,2025-06-04,2025-05-05,2025-06-12,"2401 Genesee Street  Cheektowaga, NY, 14225",Erie,Closure,# of Affected Workers,Permanent,226,15,15
Rite Aid,2025-06-04,2025-05-05,2025-06-12,"2545 Millersport Highway  Getzville, NY, 14068",Erie,Closure,# of Affected Workers,Permanent,346,8,8
Rite Aid,2025-06-04,2025-05-05,2025-06-12,"2561 Union Road  Cheektowaga, NY, 14227",Erie,Closure,# of Affected Workers,Permanent,261,12,12
Rite Aid,2025-06-04,2025-05-05,2025-06-12,"2585 Main Street  Buffalo, NY, 14214",Erie,Closure,# of Affected Workers,Permanent,360,7,7
Rite Aid,2025-06-04,2025-05-05,2025-06-12,"2865 Elmwood Avenue  Kenmore, NY, 14217",Erie,Closure,# of Affected Workers,Permanent,262,12,12
Rite Aid,2025-06-04,2025-05-05,2025-06-12,"2898 Westinghouse Road  Horseheads, NY, 14845",Chemung,Closure,# of Affected Workers,Permanent,356,7,7
Rite Aid,2025-06-04,2025-05-05,2025-06-12,"3027 Route 50  Saratoga Springs, NY, 12866",Saratoga,Closure,# of Affected Workers,Permanent,323,10,10
Rite Aid,2025-06-04,2025-05-05,2025-06-12,"3050 Union Road  Orchard Park, NY, 14127",Erie,Closure,# of Affected Workers,Permanent,197,21,21
Rite Aid,2025-06-04,2025-05-05,2025-06-12,"3071-3085 South Park Avenue  Lackawanna, NY, 14218",Erie,Closure,# of Affected Workers,Permanent,263,12,12
Rite Aid,2025-06-04,2025-05-05,2025-06-12,"3350 North Road  Poughkeepsie, NY, 12601",Dutchess,Closure,# of Affected Workers,Permanent,304,10,10
Rite Aid,2025-06-04,2025-05-05,2025-06-12,"3636 Ransomville Road  Ransomville, NY, 14131",Niagara,Closure,# of Affected Workers,Permanent,365,7,7
Rite Aid,2025-06-04,2025-05-05,2025-06-12,"3700-06 Junction Boulevard  Flushing, NY, 11368",Queens,Closure,# of Affected Workers,Permanent,290,11,11
Rite Aid,2025-06-04,2025-05-05,2025-06-12,"3795 East Main Road  Fredonia, NY, 14063",Chautauqua,Closure,# of Affected Workers,Permanent,300,10,10
Rite Aid,2025-06-04,2025-05-05,2025-06-12,"3823 Nostrand Avenue  Brooklyn, NY, 11235",Kings,Closure,# of Affected Workers,Permanent,203,18,18
Rite Aid,2025-06-04,2025-05-05,2025-06-12,"3924 Harlem Road  Amherst, NY, 14226",Erie,Closure,# of Affected Workers,Permanent,307,10,10
Rite Aid,2025-06-04,2025-05-05,2025-06-12,"3950 Union Road  Cheektowaga, NY, 14225",Erie,Closure,# of Affected Workers,Permanent,250,13,13
Rite Aid,2025-06-04,2025-05-05,2025-06-12,"3987 Lockport Olcott Road  Lockport, NY, 14094",Niagara,Closure,# of Affected Workers,Permanent,229,15,15
Rite Aid,2025-06-04,2025-05-05,2025-06-12,"4018 Seneca Street  West Seneca, NY, 14224",Erie,Closure,# of Affected Workers,Permanent,308,10,10
Rite Aid,2025-06-04,2025-05-05,2025-06-12,"4046 Broadway  New York, NY, 10032",New York,Closure,# of Affected Workers,Permanent,192,26,26
Rite Aid,2025-06-04,2025-05-05,2025-06-12,"4060 North Buffalo Street  Orchard Park, NY, 14127",Erie,Closure,# of Affected Workers,Permanent,335,9,9
Rite Aid,2025-06-04,2025-05-05,2025-06-12,"4155 West Main Street  Batavia, NY, 14020",Genesee,Closure,# of Affected Workers,Permanent,266,12,12
Rite Aid,2025-06-04,2025-05-05,2025-06-12,"4159 White Plains Road  Bronx, NY, 10466",Bronx,Closure,# of Affected Workers,Permanent,193,22,22
Rite Aid,2025-06-04,2025-05-05,2025-06-12,"4374 Buffalo Road  North Chili, NY, 14514",Monroe,Closure,# of Affected Workers,Permanent,337,9,9
Rite Aid,2025-06-04,2025-05-05,2025-06-12,"4407 Military Road  Niagara Falls, NY, 14305",Niagara,Closure,# of Affected Workers,Permanent,316,10,10
Rite Aid,2025-06-04,2025-05-05,2025-06-12,"4854 Commercial Drive  New Hartford, NY, 13413",Oneida,Closure,# of Affected Workers,Permanent,338,9,9
Rite Aid,2025-06-04,2025-05-05,2025-06-12,"4937 Transit Road  Depew, NY, 14043",Erie,Closure,# of Affected Workers,Permanent,336,9,9
Rite Aid,2025-06-04,2025-05-05,2025-06-12,"5125 Merrick Road  Massapequa Park, NY, 11762",Nassau,Closure,# of Affected Workers,Permanent,315,10,10
Rite Aid,2025-06-04,2025-05-05,2025-06-12,"5224 Fifth Avenue  Brooklyn, NY, 11220",Kings,Closure,# of Affected Workers,Permanent,213,16,16
Rite Aid,2025-06-04,2025-05-05,2025-06-12,"5335 West Genesee St Ste 20  Camillus, NY, 13031",Onondaga,Closure,# of Affected Workers,Permanent,369,6,6
Rite Aid,2025-06-04,2025-05-05,2025-06-12,"5380 West Taft Road  North Syracuse, NY, 13212",Onondaga,Closure,# of Affected Workers,Permanent,320,10,10
Rite Aid,2025-06-04,2025-05-05,2025-06-12,"5447 Main Street  Williamsville, NY, 14221",Erie,Closure,# of Affected Workers,Permanent,347,8,8
Rite Aid,2025-06-04,2025-05-05,2025-06-12,"5507 Nesconset Hwy Ste 100  Mount Sinai, NY, 11766",Suffolk,Closure,# of Affected Workers,Permanent,295,11,11
Rite Aid,2025-06-04,2025-05-05,2025-06-12,"5999 South Park Avenue  Hamburg, NY, 14075",Erie,Closure,# of Affected Workers,Permanent,361,7,7
Rite Aid,2025-06-04,2025-05-05,2025-06-12,"6000 Transit Road  Depew, NY, 14043",Erie,Closure,# of Affected Workers,Permanent,368,6,6
Rite Aid,2025-06-04,2025-05-05,2025-06-12,"6423 Fort Hamilton Pkwy.  Brooklyn, NY, 11219",Kings,Closure,# of Affected Workers,Permanent,227,15,15
Rite Aid,2025-06-04,2025-05-05,2025-06-12,"6616 Lincoln Avenue  Lockport, NY, 14094",Niagara,Closure,# of Affected Workers,Permanent,272,12,12
Rite Aid,2025-06-04,2025-05-05,2025-06-12,"6900 4th Avenue  Brooklyn, NY, 11209",Kings,Closure,# of Affected Workers,Permanent,311,10,10
Rite Aid,2025-06-04,2025-05-05,2025-06-12,"6939 Erie Road  Derby, NY, 14047",Erie,Closure,# of Affected Workers,Permanent,264,12,12
Rite Aid,2025-06-04,2025-05-05,2025-06-12,"7118 3rd Avenue  Brooklyn, NY, 11209",Kings,Closure,# of Affected Workers,Permanent,214,16,16
Rite Aid,2025-06-04,2025-05-05,2025-06-12,"7245 Henry Clay Blvd  Liverpool, NY, 13088",Onondaga,Closure,# of Affected Workers,Permanent,194,22,22
Rite Aid,2025-06-04,2025-05-05,2025-06-12,"7804 Buffalo Avenue  Niagara Falls, NY, 14304",Niagara,Closure,# of Affected Workers,Permanent,350,8,8
Rite Aid,2025-06-04,2025-05-05,2025-06-12,"8015 Niagara Falls Boulevard  Niagara Falls, NY, 14304",Niagara,Closure,# of Affected Workers,Permanent,286,11,11
Rite Aid,2025-06-04,2025-05-05,2025-06-12,"8079 North Main Street  Eden, NY, 14057",Erie,Closure,# of Affected Workers,Permanent,362,7,7
Rite Aid,2025-06-04,2025-05-05,2025-06-12,"8530 Transit Rd  Amherst, NY, 14221",Erie,Closure,# of Affected Workers,Permanent,309,10,10
Rite Aid,2025-06-04,2025-05-05,2025-06-12,"9062 Erie Road  Angola, NY, 14006",Erie,Closure,# of Affected Workers,Permanent,285,11,11
Rite Aid,2025-06-04,2025-05-05,2025-06-12,"9160 Main Street  Clarence, NY, 14031",Erie,Closure,# of Affected Workers,Permanent,265,12,12
Rite Aid,2025-06-04,2025-05-05,2025-06-12,"9302 3rd Avenue  Brooklyn, NY, 11209",Kings,Closure,# of Affected Workers,Permanent,215,16,16
Rite Aid,2025-06-04,2025-05-05,2025-06-12,"12208 N.Y. State Route 16  Yorkshire, NY, 14173",Cattaraugus,Closure,# of Affected Workers,Permanent,258,12,12
Rite Aid,2025-06-04,2025-05-05,2025-06-12,"12983 Main Road  Akron, NY, 14001",Erie,Closure,# of Affected Workers,Permanent,210,16,16
Rite Aid,2025-06-04,2025-05-05,2025-06-12,"13090 Broadway Road  Alden, NY, 14004",Erie,Closure,# of Affected Workers,Permanent,251,13,13
Rite Aid,2025-06-04,2025-05-05,2025-06-12,"Del-Ton Plaza  Tonawanda, NY, 14150",Erie,Closure,# of Affected Workers,Permanent,252,13,13
"Saks & Company, LLC.",2025-12-31,2025-09-10,2025-09-19,"125 East 57th Street  New York, NY, 10022",New York,Closure,# of Affected Workers,Permanent,115,33,33
"SDH Education West, LLC",2025-06-04,2025-04-10,2025-07-09,"2900 Purchase St.  Purchase, NY, 10577",Westchester,Layoff,# of Affected Workers,Permanent,162,40,40
"Securitech Group, Inc.",2025-10-10,2025-07-02,2025-09-18,"54-60 46th St,  Maspeth, NY, 11378",Queens,Closure,# of Affected Workers,Permanent,120,43,43
"Semikron Danfoss, LLC.",2025-06-19,2025-06-18,2025-10-16,"330 Technology Drive  Marcy, NY, 13502",Oneida,Layoff,# of Affected Workers,Permanent,72,66,66
"Serta Simmons Bedding, LLC.",2025-12-02,2025-09-03,2025-09-19,"2375 Parkway Drive  Jamestown, NY, 14701",Chautauqua,Closure,# of Affected Workers,Permanent,117,83,83
"Sky Projects by Rhubarb, LLC.",2025-04-30,2025-04-25,2025-04-30,"30 Hudson Yards  New York, NY, 10001",New York,Closure,# of Affected Workers,Permanent,412,228,228
"Staffing Boutique, Inc.",2025-02-07,2025-01-27,2025-02-27,"50 East River Lane Randall’s Island Athletic Field #83 New York, NY, 10035",New York,Closure,# of Affected Workers,Permanent,440,117,117
"Staffing Boutique, Inc.",2025-02-07,2025-01-27,2025-02-27,"99 Washington Street  New York, NY, 10013",New York,Closure,# of Affected Workers,Permanent,441,63,63
"Staffing Boutique, Inc.",2025-02-07,2025-01-27,2025-02-27,"117 West 70th Street  New York, NY, 10023",New York,Closure,# of Affected Workers,Permanent,442,34,34
"Staffing Boutique, Inc.",2025-02-07,2025-01-27,2025-02-27,"207 West 85th Street  New York, NY, 10024",New York,Closure,# of Affected Workers,Permanent,443,23,23
"Staffing Boutique, Inc.",2025-02-07,2025-01-27,2025-02-27,"520 West 49th Street  New York, NY, 10023",New York,Closure,# of Affected Workers,Permanent,444,2,2
"Startek USA, Inc.",2025-04-30,2025-01-31,2025-07-09,"Remote Work From Home Employee  Utica, NY, 13501",Oneida,Layoff,# of Affected Workers,Permanent,173,151,151
"Technicolor Creative Services USA, Inc.",2025-02-24,2025-02-21,2025-03-11,"451 Broadway 6th Floor  New York, NY, 10013",New York,Closure,# of Affected Workers,Permanent,435,226,226
"The Child Center of NY, Inc.",2025-12-31,2025-10-01,2025-11-14,"12 Metrotech Center S.  Brooklyn, NY, 11201",Kings,Closure,# of Affected Workers,Permanent,10,11,11
"The Child Center of NY, Inc.",2025-12-31,2025-10-01,2025-11-14,"92-31 Union Hall 3rd Floor Jamaica, NY, 11433",Queens,Closure,# of Affected Workers,Permanent,12,9,9
"The Child Center of NY, Inc.",2025-12-31,2025-10-01,2025-11-14,"165-15 Archer Avenue Room 517 Jamaica, NY, 11433",Queens,Closure,# of Affected Workers,Permanent,17,2,2
"The Child Center of NY, Inc.",2025-12-31,2025-10-01,2025-11-14,"350 St. Marks Place 3rd Floor Staten Island, NY, 10301",Richmond,Closure,# of Affected Workers,Permanent,15,5,5
"The Child Center of NY, Inc.",2025-12-31,2025-10-01,2025-11-14,"1200 Waters Place  Bronx, NY, 10461",Bronx,Closure,# of Affected Workers,Permanent,13,7,7
"The Child Center of NY, Inc.",2025-12-31,2025-10-01,2025-11-14,"1274 Bedford Ave  Brooklyn, NY, 11216",Kings,Closure,# of Affected Workers,Permanent,11,9,9
"The Child Center of NY, Inc.",2025-12-31,2025-10-01,2025-11-14,"1775 Grand Concourse  Bronx, NY, 10453",Bronx,Closure,# of Affected Workers,Permanent,18,1,1
"The Child Center of NY, Inc.",2025-12-31,2025-10-01,2025-11-14,"2100 Bartow Avenue  Bronx, NY, 10475",Bronx,Closure,# of Affected Workers,Permanent,16,2,2
"The Child Center of NY, Inc.",2025-12-31,2025-10-01,2025-11-14,"2501 Grand Concourse, 4th Floor Bronx, NY, 10468",Bronx,Closure,# of Affected Workers,Permanent,14,5,5
"The Child Center of NY, Inc.",2025-12-31,2025-10-01,2025-11-14,"2554 Linden Blvd  Brooklyn, NY, 11208",Kings,Closure,# of Affected Workers,Permanent,19,1,1
The Children's Village,2025-12-31,2025-08-22,2025-10-22,"20 Hammond House Road  Valhalla, NY, 10595",Westchester,Closure,# of Affected Workers,Permanent,64,114,114
"The Council of State Governments, Ltd.",2025-05-02,2025-04-28,2025-10-09,"22 Cortlandt Street, 22nd Floor  New York, NY, 10007",New York,Layoff,# of Affected Workers,Permanent,83,145,145
"The Door - A Center of Alternatives, Inc.",2025-03-26,2025-03-26,2025-05-09,"555 Broome Street  New York, NY, 10013",New York,Layoff,# of Affected Workers,Permanent,397,12,12
The Fresh Market Inc.,2025-07-31,2025-05-01,2025-05-20,"138 East Main St.  Smithtown, NY, 11787",Suffolk,Closure,# of Affected Workers,Permanent,387,38,38
The Katz Group Americas Inc.,2025-06-27,2025-03-19,2025-07-18,"3685 Lockport Rd.  Sanborn, NY, 14132",Niagara,Closure,# of Affected Workers,Permanent,155,15,15
The Pace Companies,2025-02-06,2025-02-06,2025-03-04,"41 Box Street  Brooklyn, NY, 11222",Kings,Closure,# of Affected Workers,Permanent,437,39,39
TL Cannon Management Corp.,2025-05-27,2025-02-24,2025-07-09,"2300 Triphammer Road  Ithaca, NY, 14850",Tompkins,Closure,# of Affected Workers,Permanent,166,10,10
"TOMRA NY Recycling, LLC",2025-10-10,2025-07-10,2025-07-24,"31 Opus Blvd  Rotterdam, NY, 12306",Schenectady,Closure,# of Affected Workers,Temporary,152,44,44
"Tourbillon1, LLC.",2025-10-30,2025-08-01,2025-08-14,"1 Rockefeller Plaza  New York, NY, 10020",New York,Closure,# of Affected Workers,Permanent,140,39,39
"Tri Cor Direct Incorporated, an affiliate of Brady Corporation",2025-05-30,2025-02-27,2025-05-14,"2491 Wehrle Drive  Williamsville, NY, 14221",Erie,Closure,# of Affected Workers,Permanent,396,112,112
"Tutto il Giorno 3, LLC.",2025-10-31,2025-07-25,2025-09-17,"56 Nugent St.  Southampton, NY, 11968",Suffolk,Layoff,# of Affected Workers,Temporary,121,35,35
UMH JGJ Corp.,2025-06-18,2025-05-19,2025-06-03,"286 Deyo Hill Road  Johnson City, NY, 13790",Broome,Closure,# of Affected Workers,Permanent,373,47,47
"Upstate Niagara Cooperative, Inc.",2025-10-31,2025-07-31,2025-08-22,"45 Fulton Avenue  Rochester, NY, 14608",Monroe,Closure,# of Affected Workers,Permanent,132,88,88
Vicks Lithograph & Printing Corp.,2025-10-31,2025-09-29,2025-11-06,"5166 Commercial Drive  Yorkville, NY, 13495",Oneida,Closure,# of Affected Workers,Permanent,31,17,17
Visiting Nurse Service of New York Home Care II,2025-07-07,2025-04-08,2025-07-17,"220 East 42nd St  New York, NY, 10017",New York,Layoff,# of Affected Workers,Permanent,160,10,10
Wabtec Corporation,2026-01-01,2025-07-17,2025-10-10,"72 Arizona Avenue  Plattsburgh, NY, 12903",Clinton,Closure,# of Affected Workers,Permanent,75,36,36
Waste Harmonics Keter,2025-07-25,2025-04-23,2025-09-23,"7665 Omnitech Place  Victor, NY, 14564",Ontario,Layoff,# of Affected Workers,Permanent,114,49,49
"Watermark Retirement Communities, LLC",2025-09-30,2025-07-15,2025-08-19,"2140 Five Mile Line Rd.  Penfield, NY, 14526",Monroe,Closure,# of Affected Workers,Permanent,138,65,65
"Watson Hotel Operator, LLC.",2025-03-31,2025-01-21,2025-02-25,"440 West 57th Street  New York, NY, 10019",New York,Layoff,# of Affected Workers,Permanent,446,79,79
White Coffee Corporation,2026-01-11,2025-10-13,2025-10-22,"18-35 38th Street  Long Island City, NY, 11105",Queens,Closure,# of Affected Workers,Permanent,63,97,97
"Whitsons Food Service, LLC.",2025-08-22,2025-05-22,2025-06-12,"1800 Motor Parkway  Islandia, NY, 11749",Suffolk,Closure,# of Affected Workers,Permanent,191,141,141
Zion Global Logistics LLC,2025-12-15,2025-09-15,2025-10-17,"7240 Bergen Ct  Brooklyn, NY, 11234",Kings,Closure,# of Affected Workers,Permanent,67,56,56
Zumtobel Lighting Inc.,2025-10-31,2025-07-31,2025-08-21,"3300 Route 9W  Highland, NY, 12528",Ulster,Layoff,# of Affected Workers,Permanent,134,16,16
