City/County,Company,Date Received,Layoff Date(s),Layoff/Closure,Notice ID,Phone Number,Potential Number Affected,URL,Union
Cincinnatti/Hamilton,FTI Buyer LLC BIDFTA online actions,1/8/2026,3/6/2026,Closure,,(513) 240-1513,104,https://dam.assets.ohio.gov/image/upload/v1767975825/jfs.ohio.gov/warn/WARN%202026/FTIBuyerLLCBIDFTAonlineauctions.pdf,N
Columbus/Franklin,Taikisha USA,1/7/2026,03/07/2026-06/30/2026,Closure,,(734) 637-8812,81,https://dam.assets.ohio.gov/image/upload/v1767887433/jfs.ohio.gov/warn/WARN%202026/TaikishaUSA.pdf,Y/See WARN
Cleveland/Cuyahoga,Double Tree Cleveland Crescent Hotels &amp; Resorts,1/6/2026,01/28/2026-01/30/2026,Closure,,(703) 389-2992,66,https://dam.assets.ohio.gov/image/upload/v1767803703/jfs.ohio.gov/warn/WARN%202026/DoubleTreeClevelandCrescentHotelsResorts.pdf,Y/See WARN
Cleveland/Cuyahoga,Golden Svcs LLC,12/30/2022,02/28/2023 to 02/28/2023,,003-22-059,(865) 294-5659,45,,Ohio Patrolmen Benevolent Assoc
Richmond Heights and North Jackson/Various Counties,Things Remembered,12/27/2022,01/13/2023 to 01/27/2023,,003-22-057 and 017-22-058,(440) 413-7262,162,,
Columbus/Franklin,OhioHealth,Updated12/16/2022,01/03/2023 to 02/28/2023,,Updated011-22-056,(614) 544-4457,315,,
Grove City/Franklin,Toppan Merrill,12/15/2022,02/17/2023 to 07/28/2023,,011-22-055,(612) 632-1464,93,,
Minerva/Stark,Omaze,12/09/2022,02/07/2023 to 02/07/2023,,006-22-054,(310) 953-7920,1,,
Columbus/Franklin,OhioHealth,11/03/2022,01/03/2023 to 02/28/2023,,011-22-053,(614) 544-4457,314,,
Painesville/Lake,Crothall Healthcare,11/02/2022,12/31/2022 to 12/31/2022,,005-55-052,(336) 327-0294,93,,
Gettysburg/Darke,"Norcold, LLC Gettysburg",10/27/2022,12/31/2022 to 12/31/2022,,007-22-050,(937) 497-3140,100,,
Sidney/Shelby,"Norcold, LLC Sidney",10/27/2022,01/31/2023 to 01/31/2023,,007-22-051,(937) 497-3140,258,,
Columbus/Franklin,Starry Inc.,10/20/2022,10/21/2022 to 10/21/2022,,011-22-049,(908) 447-0694,39,,
Toledo/Lucas,Supply Source Enterprises,10/17/2022,12/26/2022 to 01/09/2023,,009-22-048,(419) 463-9982,84,,
Powell/Delaware,BayFirst,09/26/2022,11/25/2022 to 11/25/2022,,007-22-047,(727) 399-5601,1,,
Columbus/Franklin,Netcare,Updated09/23/2022,,,Updated011-22-039,(614) 275-9500,49,,
Westchester/Butler,"Second Samuel Transport, Inc",09/22/2022,11/08/2022 to 11/08/2022,,012-22-046,(734) 771-2495,55,,
Cleveland/Cuyahoga,St. Vincent Charity Medical Center,09/14/2022,11/15/2022 to 11/15/2022,,003-22-045,(216) 592-2827,978,,SEUI 1199 and ONA - Ohio Nurses Assoc.
Colulmbus/Franklin,OhioHealth,09/02/2022,11/04/2022 to 11/04/2022,,999-22-044,(614) 544-4457,58,,
East Liberty/Logan,"Valeo North America, Inc.",Updated08/25/2022,10/10/2022 to 10/24/2022,,007-22-036,Unknown,104,,NONE
Reynoldsburg/Franklin,"Bath & Body Works Brand Managment, Inc, beautyAvenues, LLC, Bath & Body Works, LLC",08/19/2022,08/27/2022 to 08/27/2022,,011-22-043,(614) 577-6435,29,,
Columbus/Franklin,"L Brands Service Company, LLC",08/19/2022,08/27/2022 to 08/27/2022,,011-22-040,(614) 577-6435,8,,
Columbus/Franklin,"Mast Logistics Services, LLC",08/19/2022,08/27/2022 to 08/27/2022,,011-22-042,(614) 577-6435,3,,
Reynoldsburg/Franklin,"Bath and Body Works Direct, Inc",08/19/2022,08/27/2022 to 08/27/2022,,011-22-041,(614) 577-6435,11,,
Watsonville/Columbiana /Columbiana,Watsonville Community Hospital,08/15/2022,08/30/2022 to 09/13/2022,,017-21-24,Unknown,1,,"Service Employees International Union (SEIU UHW), California Technical Employees’ Coalition (CalTEC), California Nurses Association (CNA), General Teamsters Union, Local 912 (merged into Local 853)"
Columbus/Franklin,"GEODIS Logistics, LLC",08/02/2022,10/31/2022,,011-22-038,(615) 203-2117,60,,None
East Cleveland/Cuyahoga,GE Lighting-A Savant Company,08/01/2022,09/30/2022 to 07/31/2023,,003-22-037,(216) 469-6602,210,,IUE-CWA and USW
Springfield/Clark,Red Roof Inn Reservations,07/19/2022,09/11/2022,,007-22-035,(937) 242-2287,106,,None
Columbus/Franklin,"Olive AI, Inc.",07/19/2022,09/19/2022,,011-22-034,(800) 501-3161,99,,
Solon/Cuyahoga,Cosmax USA,07/12/2022,09/30/2022 to 01/31/2023,,003-22-033,(732) 541-6300,122,,NONE
Columbia Station/Lorain,Zone Safety LLC,07/08/2022,07/09/2022 to 07/16/2022,,004-22-032,(440) 657-2579,77,,
Columbus/Franklin,"VSP Optical Group, Inc.",06/29/2022,10/21/2022 to 01/03/2023,,011-22-031,(916) 851-4898,38,,None
Columbus/Franklin,"Circulo, Inc.",06/21/2022,06/17/2022,,011-22-030,Unknown,7,,None
Ridgeville Corners/Henry,Magna Seating Cam-Slide South,06/02/2022,08/01/2022,,007-22-029,(269) 425-8885,141,,None
Cuyahoga Falls/Summit,Senneca Holdings/Win Plastics Extrusion,05/25/2022,08/31/2022,,002-22--028,(513) 773-6733,18,,None
Euclid/Cuyahoga,Carvana,05/17/2022,07/10/2022,,003-22-014,Unknown,210,,None
Dublin/Franklin,"Compass Group USA, Inc. - Chartwells - Dublin City Schools",05/02/2022,06/30/2022,,011-22-026,(314) 378-8987,90,,None
Beallsville/Monroe,"Belmont County Coal Resources, Inc. - Century Mine",04/27/2022,06/15/2022,,015-22-025,(740) 338-3100,106,,None
Moscow/Clermont,Vistra Corp./Luminant,04/26/2022,06/30/2022 to 07/14/2022,,012-22-024,(512) 430-0213,87,,IBEW Local No. 1347 and UWUA Local No. 600 (the CBA's)
Mayfield Heights/Cuyahoga,Walmart 5083,04/19/2022,07/29/2022,,003-22-023,(440) 279-0308,178,,None
Columbus/Franklin,"GEODIS Logistics, LLC",04/14/2022,09/30/2022,,011-22-022,(615) 203-2117,302,,None
Columbus/Franklin,CEVA Logistics LLC,04/12/2022,06/13/2022 to 09/30/2022,,011-22-021,(614) 482-5022,146,,None
West Chester/Hamilton,Midwest Laundry,04/11/2022,06/07/2022,,013-22-019,(513) 418-5116,86,,None
Kettering/Montgomery,Tenneco Automotive Operating Company Inc.,04/11/2022,06/12/2022 to 12/31/2023,,007-22-020,(937) 481-4940,597,,Industrial Union of Electronic Workers (IUE-CWA) Local 755
Toledo/Lucas,WestRock Company,Updated04/07/2022,06/07/2022 to 06/21/2022,,Updated009-22-005,(318) 307-0675,72,,None
Oxford/Butler,Chartwells Higher Education at Miami University,03/31/2022,05/31/2022,,012-22-018,(904) 589-1237,155,,None
Cincinnati/Hamilton,Walmart Store #3656,03/22/2022,07/01/2022,,013-22-017,(859) 282-8461,187,,None
Cleveland/Cuyahoga,Kichler Lighting LLC,03/21/2022,04/01/2022,,003-22-016,(216) 573-1005,78,,Local Union 1377 of the International Brotherhood of Electrical Workers Affiliated with the American Federation of Labor and the Congress of Industrial Organizations.
Unknown/Out-of-State,"Ready Responders, Inc.",03/14/2022,02/16/2022,,999-22-015,(985) 778-8730,3,,None
Cleveland/Cuyahoga,Eliza Bryant Village,03/10/2022,06/08/2022,,003-22-014,(216) 361-6141,99,,"SEIU, District 1199 WV/KY/OH, The Health Care and Social Service Union, STW, CLC."
Defiance/Defiance,"Mammoth Tech, Inc.",03/09/2022,03/02/2022,,007-22-013,Unknown,521,,None
Cincinnati/Hamilton,AbbVie Inc,03/04/2022,06/28/2022,,013-22-011,(862) 261-8155,70,,None
Cleveland/Cuyahoga,Avalon Precision Metalsmiths,03/04/2022,05/04/2022 to 06/30/2022,,003-22-012,(919) 616-3946,55,,None
Fairfield/Butler,"O'Gara Hess Eisenhardt Armoring Company, LLC",03/03/2022,03/03/2022,,012-22-010,(615) 618-5217,207,,None
Mayfield Heights/Cuyahoga,Advance Talent,03/01/2022,03/01/2022,,003-22-009,(440) 684-8550,53,,None
Dayton/Montgomery,"Peloton Interactive, Inc.",02/08/2022,02/08/2022,,007-22-008,Unknown,50,,None
Holland/Lucas,Schindler Elevator Corporation,01/25/2022,04/01/2022 to 06/01/2022,,009-22-007,(862) 266-8138,69,,None
Avon Lake/Lorain,"GenOn Energy Services, LLC - Avon Lake Generating Station",01/24/2022,04/01/2022,,004-22-006,(330) 233-4661,49,,"Utility Workers Union of America, Local 270"
Solon/Cuyahoga,"Lineage Logistics Services, LLC",01/20/2022,01/15/2022,,003-22-004,Unknown,233,,Teamsters Local 400
Bowling Green/Wood,"Curation Foods, Inc.",01/18/2022,01/31/2022,,007-22-003,(724) 759-8227,110,,None
West Jefferson/Madison,DHL Supply Chain,01/12/2022,03/14/2022,,007-22-001,(614) 879-9549,153,,None
Sidney/Shelby,Ross Casting & Innovation LLC,01/12/2022,03/05/2022,,007-22-002,(847) 722-8558,107,,None
Cincinnati/Hamilton,OneTouchPoint,12/01/2021,12/01/2021 to 01/31/2022,,013-21-025,(414) 902-2655,65,,None
Various Cities/Various Counties,"Prairie Farms Dairy, Inc.",12/01/2021,12/31/2021,,015-21-026,(618) 659-5381,117,,"Local 379 of the Retail, Wholesale and Department Store Union AFL_CIO, Chauffeurs, Teamsters & Helpers Local Union 175"
Watsonville/Columbiana,Watsonville Community Hospital,11/29/2021,01/28/2022,,017-21-024,(831) 763-6016,1,,"Service Employees International Union (SEIUUHW), California Technical Employees’ Coalition(CalTEC), California Nurses Association (CNA), General Teamsters Union, Local 912(merged into Local 853)"
Mayfield Village/Cuyahoga,Progressive Casualty Insurance Company,11/01/2021,12/31/2021,,003-21-022,(440) 910-3341,76,,None
Columbus/Franklin,First Transit,11/01/2021,12/31/2021,,011-21-023,(513) 678-4838,114,,Unknown
Tipp City/Miami,"Creative Extruded Products, LLC",10/28/2021,12/31/2021,,007-21-020,(937) 877-1326,165,,"United Steelworkers, Paper, and Forestry, Rubber, Manufacturing, Energy, Allied Industrial and Service Workers Union, Local 1123L AFL-CIO-CLC"
Dayton/Montgomery,"BTA Enterprises, LLC",10/28/2021,12/31/2021,,007-21-021,(937) 877-1326,78,,"United Steelworkers, Paper, and Forestry, Rubber, Manufacturing, Energy, Allied Industrial and Service Workers Union, Local 1123L AFL-CIO-CLC"
Cincinnati/Hamilton,Kellogg Company,10/18/2021,12/20/2021,,013-21-019,(513) 350-3500,73,,"Bakery, Confectionery, Tobacco Workers and Grain Millers Local 253"
Cleveland/Cuyahoga,"Marriott Hotel Services, Inc. - Cleveland Marriott Downtown at Key Tower",10/15/2021,12/14/2021,,003-21-018,(314) 561-0606,109,,None
Cleveland/Cuyahoga,"United Airlines, Inc - Cleveland Hopkins International Airport",08/02/2021,10/12/2021,,003-21-017,(847) 700-4978,45,,None
Avon Lake/Lorain,GenOn Energy Services LLC,Updated07/14/2021,04/01/2022,,Updated004-21-016,(330) 233-4661,50,,"Utility Workers Union of America, Local 270"
Cleveland/Cuyahoga,"Compass Group USA, Inc",07/14/2021,09/07/2021,,003-21-018,(920) 265-7153,72,,CMRJB-Workers United
Various Cities/Various Counties,TTEC@Home,07/07/2021,07/06/2021,,021-21-017,(303) 397-8228,6,,None
Harrison/Hamilton,ILSCO LLC,06/02/2021,09/03/2021 to 04/01/2022,,013-21-015,(513) 533-6245,25,,"IAM Local Lodge 162, District 34"
Bucyrus/Crawford,Bucyrus Precision Tech Inc.,05/19/2021,07/30/2021,,010-21-014,(419) 563-9950,92,,None
Lebanon/Warren,OPW Engineered Systems,05/06/2021,07/06/2021 to 09/30/2021,,012-21-013,(513) 870-3167,103,,USW Union Local No 45-B
Bowling Green/Wood,Sunbeam Products Inc.,05/04/2021,06/30/2021,,007-21-012,(419) 662-2246,50,,None
Wellsville/Columbiana,Bechtel Infrastructure and Power Corporation (South Field Energy Facility Project),04/06/2021,06/15/2021 to 11/30/2021,,017-21-011,(571) 262-0755,63,,None
Cincinnati/Hamilton,ILSCO LLC,03/29/2021,05/21/2021 to 08/01/2022,,013-21-009,(513) 533-6245,121,,"USW Local 14734, IAM Local Lodge 162, District 34"
Malvern/Carroll,AAM Malvern Manufacturing Facility,03/29/2021,05/29/2021,,016-21-010,(330) 863-7567,95,,United Auto Workers Local 4199
Akron/Summit,"PlusOne Communications, LLC",03/01/2021,05/01/2021,,002-21-008,(330) 255-4500,155,,None
Toledo/Lucas,CJ Logistics America (DSC Logistics),02/22/2021,04/28/2021,,009-21-007,(815) 886-8149,93,,None
Canton/Stark,TimkenSteel Corporation,02/16/2021,04/15/2021,,006-21-005,(330) 471-4529,99,,"United Steel, Paper and Forestry, Rubber, Manufacturing, Energy, Allied Industrial and Service Workers International Union, Local 2003."
Tipp City/Miami,Gilbarco Inc,02/16/2021,04/16/2021 to 06/20/2021,,007-21-006,(937) 410-7146,64,,None
Glenwillow/Cuyahoga,Royal Appliance Manufacturing Company (TTI Floor Care North America),02/01/2021,04/02/2021,,003-21-004,(440) 996-2281,65,,None
Columbus/Franklin,"DSW Shoe Warehouse, Inc.",01/27/2021,03/27/2021,,011-21-003,Unknown,92,,None
New Albany/Franklin,"Tween Brands, Inc. and Ascena Retail Group, Inc. (Justice)",Updated01/25/2021,02/26/2021,,Updated011-20-162,(614) 390-5603,2,,None
Reynoldsburg/Franklin,"Alliance Data Systems, Inc. (Alliance Data Card Services)",01/14/2021,07/16/2021 to 10/01/2021,,011-21-002,(614) 729-4315,110,,None
Bucyrus/Crawford,"GE Lighting (Savant Systems, Inc.)(Bucyrus Lamp Plant)",01/06/2021,03/06/2021,,010-21-001,(216) 266-5902,81,,IUE-CWA
East Liverpool/Columbiana,The Fiesta Tableware Company,12/23/2020,02/11/2021,,017-20-167,(304) 387-1300,80,,"GMP-United Steelworkers of America, Local Union 417"
Ontario/Richland,Shutterfly Lifetouch LLC (Lifetouch Church Directories and Portraits Inc.),12/07/2020,02/04/2021,,010-20-165,(952) 826-5645,100,,None
Valley View/Cuyahoga,Schneider Electric,12/07/2020,02/05/2021,,003-20-166,(216) 573-7600,13,,None
Akron/Summit,Amcor Flexibles North America,12/03/2020,01/24/2021 to 05/31/2021,,002-20-164,(330) 916-7282,109,,"International Chemical Workers Union Council of the UFCW, Local 1033-C"
Jefferson/Ashtabula,"Toledo Molding & Die, LLC - Jefferson Plant",12/01/2020,02/01/2021 to 04/30/2021,,019-20-163,(440) 576-6940,89,,None
New Albany/Franklin,"Tween Brands, Inc. and Ascena Retail Group, Inc. (Justice)",11/24/2020,01/24/2021,,011-20-162,(614) 390-5603,127,,None
Columbus/Franklin,Renaissance Hotel Management Company LLC (Renaissance Columbus Downtown Hotel),11/24/2020,01/29/2021,,011-20-161,(614) 233-7532,63,,None
Batavia/Clermont,"Core Composites Cincinnati, LLC",11/20/2020,03/01/2021 to 12/31/2021,,012-20-160,(864) 208-7206,99,,None
Dayton/Montgomery,Premier Health Miami Valley Hospital,11/10/2020,01/09/2021,,007-20-157,(937) 208-2458,424,,None
Troy/Miami,Premier Health Upper Valley Medical Center,11/10/2020,01/09/2021,,007-20-159,(937) 208-2458,87,,None
Middletown/Warren,Premier Health Atrium Medical Center,11/10/2020,01/09/2021,,012-20-158,(937) 208-2458,115,,None
Columbus/Franklin,"Ascena Retail Group, Inc., Catherines, Inc., Catherines Stores Corporation, Lane Bryant, Inc., and Lane Bryant Purchasing Corp.",Updated11/02/2020,11/26/2020,,Updated011-20-126,(614) 390-5603,2,,None
New Albany/Franklin,"Tween Brands, Inc. and Ascena Retail Group, Inc.",Updated11/02/2020,01/06/2021 to 01/31/2021,,Updated011-20-127,(614) 390-5603,5,,None
Cincinnati/Hamilton,Genpact LLC,11/02/2020,12/31/2020,,013-20-156,(203) 300-9547,1,,None
Youngstown/Mahoning,Hollywood Gaming Mahoning Valley Race Course,Updated10/21/2020,11/01/2020,,Updated017-20-086,(330) 505-8722,2,,None
Twinsburg/Summit,Maritz Holdings Inc.,Updated10/20/2020,02/22/2021,,Updated002-20-134,(636) 827-4290,23,,None
Cleveland/Cuyahoga,Aramark - Rocket Mortgage Fieldhouse,10/19/2020,,,119-20-186*,(610) 563-5725,361,,SEIU/WU CMRJB
Cleveland/Cuyahoga,100th Bomb Group (Specialty Restaurants Corporation),10/19/2020,12/31/2020,,003-20-155,(714) 279-6100,59,,None
Glenwillow/Cuyahoga,Stride Tool (DiversiTech Corporation),10/14/2020,04/01/2021 to 12/31/2021,,003-20-154,(470) 550-5193,73,,None
North Canton/Stark,ASC Airtex,10/08/2020Updated12/21/2020,12/07/2020 to 12/21/2020,,Updated006-20-129,(260) 494-4074,106,,None
Independence/Cuyahoga,Schneider Electric,10/06/2020,12/04/2020,,003-20-153,(216) 573-7600,13,,None
Medina/Medina,Chick Master Incubator Company,10/05/2020,01/01/2021 to 03/01/2021,,002-20-152,(330) 722-5591,70,,None
Columbus/Franklin,"InterContinental Hotels Group Resources, LLC (IHG)(Crowne Plaza Columbus-Downtown)",10/01/2020,11/30/2020,,011-20-151,(614) 461-2640,49,,None
Various Cities/Various Counties,Community Development Institute Head Start (CDI HS),09/30/2020,10/31/2020,,007-20-150,(509) 945-4944,113,,None
Cincinnati/Hamilton,"SSA Group, LLC - Cincinnati Museum Center",09/29/2020,03/29/2020,,119-20-184*,(303) 322-3031,31,,None
Columbus/Franklin,"SSA Group, LLC - Center of Science & Industry",09/29/2020,03/29/2020,,119-20-185*,(303) 322-3031,47,,None
Dayton/Montgomery,"Alutiiq Management Services, LLC (Dayton Job Corp Center)",09/28/2020,11/30/2020,,007-20-149,(937) 242-7790,121,,None
Cleveland/Cuyahoga,"LAZ Parking Midwest, LLC",Updated09/23/2020,05/08/2020 to 05/10/2020,,Updated119-20-143*,(312) 771-1939,2,,None
Columbus/Franklin,"LAZ Parking Midwest, LLC",Updated09/23/2020,09/02/2020,,Updated119-20-142*,(312) 771-1939,2,,None
Columbus/Franklin,Hilton Management LLC - Columbus Downtown,Updated09/22/2020,08/28/2020,,Updated119-20-166*,(614) 484-5264,42,,None
Cleveland/Cuyahoga,"RCSH Operations, LLC (Ruth's Chris Steak House)",09/22/2020,09/27/2020,,003-20-148,(407) 200-2119,47,,None
Dayton/Montgomery,Aramark Sinclair Community College,09/22/2020,09/23/2020 to 10/01/2020,,119-20-175*,(470) 553-4462,63,,None
Cleveland/Cuyahoga,"ABM, Inc. (Hertz)",09/22/2020,10/04/2020,,003-20-147,(586) 772-3050,67,,None
Cincinnati/Hamilton,P.F. Chang's China Bistro,09/21/2020,03/23/2020,,119-20-182*,(480) 888-3776,42,,None
Dayton/Montgomery,P.F. Chang's China Bistro - Dayton,09/21/2020,03/23/2020,,119-20-183*,(480) 888-3776,32,,None
Beachwood/Cuyahoga,P.F. Chang's China Bistro,09/21/2020,03/23/2020,,119-20-178*,(480) 888-3776,35,,None
Dublin/Franklin,P.F. Chang's China Bistro,09/21/2020,03/23/2020,,119-20-177*,(480) 888-3776,26,,None
Columbus/Franklin,P.F. Chang's China Bistro,09/21/2020,03/23/2020,,119-20-176*,(480) 888-3776,51,,None
Akron/Summit,P.F. Chang's China Bistro,09/21/2020,03/23/2020,,119-20-179*,(480) 888-3776,32,,None
West Chester/Butler,P.F. Chang's China Bistro,09/21/2020,03/23/2020,,119-20-181,(480) 888-3776,48,,None
Maumee/Lucas,P.F. Chang's China Bistro,09/21/2020,03/23/2020,,119-20-180*,(480) 888-3776,33,,None
Cincinnati/Hamilton,"Lerner, Sampson & Rothfuss",09/17/2020,03/20/2020,,119-20-174*,(513) 241-3100,90,,None
Cleveland/Cuyahoga,International Exposition Center (I-X Center),Updated09/16/2020,09/16/2020,,Updated119-20-141*,(216) 265-2630,75,,"International Brotherhood of Teamsters, Local 507"
Columbus/Franklin,Hyatt Regency Columbus,Updated09/14/2020,06/20/2020 to 09/12/2020,,Updated011-20-079,(614) 280-3033,192,,None
Columbus/Franklin,"Ascena Retail Group, Inc., Catherines, Inc., Catherines Stores Corporation, Lane Bryant, Inc., and Lane Bryant Purchasing Corp.",Updated09/10/2020,11/08/2020,,Updated011-20-126*,(614) 390-5603,4,,None
New Albany/Franklin,"Tween Brands, Inc. and Ascena Retail Group, Inc.",Updated09/09/2020,11/01/2020 to 01/29/2021,,Updated011-20-127*,(614) 390-5603,2,,None
Cincinnati/Hamilton,Hyatt Regency Cincinnati,Updated09/02/2020,08/18/2020,,Updated119-20-132*,(513) 354-4163,61,,None
Cleveland/Cuyahoga,"Live Nation Entertainment, Inc.",09/02/2020,04/24/2020 to 07/06/2020,,119-20-171*,(310) 975-2358,76,,None
Brooklyn/Cuyahoga,"Arrow International, Inc.",09/02/2020,04/10/2020,,119-20-173*,(216) 416-2190,171,,None
Columbus/Franklin,Columbus Association for the Performing Arts (CAPA),09/01/2020,03/17/2020 to 08/17/2020,,119-20-172*,(614) 719-6640,398,,None
Cleveland/Cuyahoga,"United Airlines, Inc. - Cleveland Hopkins International Airport",Updated09/01/2020,10/30/2020 to 11/30/2020,,Updated119-20-158*,(847) 700-4978,7,,"Air Line Pilots Association, Association of Flight Attendants - CWA, AFL-CIO, International Association of Machinists and Aerospace Workers, AFL-CIO, International Brotherhood of Teamsters, UNITE HERE International Union"
Various Cities/Various Counties,"Avis Budget Car Rental, LLC",09/01/2020,04/04/2020 to 04/15/2020,,003-20-146,(614) 290-6282,101,,None
Cleveland/Cuyahoga,The Ritz-Carlton Hotel Co. LLC,Updated08/31/2020,10/30/2020,,Updated119-20-149*,(216) 902-5232,74,,None
Kenton/Hardin,Kroger Store #555,08/31/2020,10/30/2020,,008-20-145,(614) 898-3555,115,,"United Food and Commercial Workers Union, Local 1059"
Vandalia/Montgomery,PSA Airlines,Updated08/27/2020,10/25/2020,,Updated119-20-162*,(937) 344-6948,47,,None
Cincinnati/Hamilton,Fusite,Updated08/25/2020,08/03/2020 to 08/28/2020,,Updated013-20-108,(513) 366-2238,7,,None
Twinsburg/Summit,"Maritz Holdings, Inc.",08/24/2020,08/21/2020,,119-20-170*,(636) 827-4290,21,,None
Saint Clairsville/Belmont,"Murray American Energy, Inc.",Updated08/24/2020,09/01/2020,,Updated016-20-036,(740) 338-3100,22,,None
Beallsville/Monroe,American Energy Corporation,Updated08/24/2020,09/01/2020,,Updated015-20-033,(740) 338-3100,206,,None
Clarington/Monroe,"American Mine Services, Inc.",Updated08/24/2020,09/01/2020,,Updated015-20-034,(740) 338-3100,37,,None
Powhatan Point/Belmont,The Ohio Valley Transloading Company,Updated08/24/2020,09/01/2020,,Updated016-20-032,(740) 338-3100,3,,United Mine Workers of America
Dayton/Montgomery,Concord Dayton Hotel II LLC (Marriott at the University of Dayton),Updated08/24/2020,09/18/2020,,Updated119-20-094*,(386) 717-2617,117,,None
Alledonia/Belmont,The Ohio Valley Coal Company,Updated08/24/2020,09/01/2020,,Updated016-20-031,(740) 338-3100,62,,None
Saint Clairsville/Belmont,"American Natural Gas, Inc.",Updated08/24/2020,09/01/2020,,Updated016-20-035,(740) 338-3100,10,,None
Brunswick/Medina,"ARaymond Tinnerman Industrial, Inc.",08/17/2020,10/05/2020 to 05/14/2021,,002-20-144,(330) 220-5185,54,,None
Columbus/Franklin,ASM Global - Greater Columbus Convention Center,08/17/2020,08/02/2020,,011-20-143,(614) 827-2517,136,,International Alliance of Theatrical Stage Employees Local 12
West Unity/Williams,HMSHost Tiffin River Travel Plaza,08/13/2020,10/15/2020,,007-20-140,(813) 326-5052,1,,None
Amherst/Sandusky,HMSHost Middleridge Travel Plaza,08/13/2020,10/15/2020,,004-20-139,(813) 326-5052,7,,None
Amherst/Lorain,HMSHost Ohio Regional Office at Middleridge,08/13/2020,10/15/2020,,004-20-137,(813) 326-5052,4,,None
Clyde/Sandusky,HMSHost Eric Island Travel Plaza,08/13/2020,10/15/2020,,007-20-138,(813) 326-5052,3,,None
Clyde/Sandusky,HMSHost Commodore Perry Travel Plaza,08/13/2020,10/15/2020,,007-20-136,(813) 326-5052,3,,None
Vandalia/Montgomery,HMSHost Dayton International Airport,08/13/2020,10/15/2020,,007-20-134,(314) 449-7632,62,,None
Twinsburg/Summit,Maritz Holdings Inc.,08/13/2020,10/16/2020 to 02/01/2020,,002-20-135,(636) 827-4290,68,,None
Amherst/Lorain,HMSHost Vermillion Travel Plaza,08/13/2020,10/15/2020,,004-20-142,(813) 326-5052,6,,None
Broadview Heights/Cuyahoga,HMSHost Towpath Travel Plaza,08/13/2020,10/15/2020,,003-20-141,(813) 326-5052,2,,None
Columbus/Franklin,HMSHost John Glenn Columbus International Airport,08/12/2020,10/15/2020,,011-20-132,(315) 751-5422,225,,None
Cleveland/Cuyahoga,HMSHost Cleveland Hopkins International Airport,08/12/2020,10/15/2020,,003-20-133,(315) 751-5422,44,,None
Akron/Summit,"Maxion Wheels Akron, LLC",08/11/2020,11/06/2020 to 12/18/2020,,002-20-131,(330) 794-2300,80,,United Steelworkers Local 2
Mansfield/Richland,Therm-O-Disc,08/10/2020,11/01/2020 to 12/31/2022,,010-20-130,(419) 709-2044,248,,None
North Canton/Stark,"ASC Airtex, LLC",08/07/2020,10/01/2020 to 10/14/2020,,006-20-129,(260) 494-4074,40,,None
Montpelier/Williams,"Rassini Chassis Systems, LLC",08/04/2020Updated10/01/2020,10/02/2020 to 12/31/2020,,007-20-128,(419) 485-1524,70,,None
Columbus/Franklin,"Ascena Retail Group, Inc., Catherines, Inc., Catherines Stores Corporation, Lane Bryant, Inc., and Lane Bryant Purchasing Corp.",08/03/2020Updated09/09/2020,10/02/2020 to 10/30/2020,,011-20-126,(614) 390-5603,186,,None
Eastlake/Lake,"Conn-Selmar, Inc.",08/03/2020,03/25/2020,,119-20-169*,(440) 946-6100,110,,U.A.W Local 2359
Columbus/Franklin,Republic Airways,08/03/2020,10/01/2020,,119-20-168*,(317) 484-6000,216,,"International Brotherhood of Teamsters, Airline Division, IBT Local 357 and IBT Local 135"
New Albany/Franklin,"Tween Brands, Inc. and Ascena Retail Group, Inc.",08/03/2020,10/02/2020 to 10/30/2020,,011-20-127,(614) 390-5603,157,,None
Reynoldsburg/Franklin,"Victoria's Secret Service Company, LLC",07/29/2020,09/26/2020 to 01/31/2021,,011-20-117,(614) 577-6435,22,,None
Reynoldsburg/Franklin,"Victoria's Secret Direct Brand Management, LLC",07/29/2020,09/26/2020 to 01/31/2021,,011-20-118,(614) 577-6435,24,,None
Reynoldsburg/Franklin,"Victoria's Secret Stores Brand Management, LLC",07/29/2020,09/26/2020 to 01/31/2021,,011-20-116,(614) 577-6435,55,,None
Columbus/Franklin,"L Brands Store Design & Construction, Inc.",07/29/2020,09/26/2020 to 01/31/2021,,011-20-113,(614) 577-6435,49,,None
Reynoldsburg/Franklin,"Victoria's Secret Stores, LLC",07/29/2020,09/26/2020 to 01/31/2021,,011-20-115,(614) 577-6435,52,,None
Columbus/Franklin,"Independent Production Services, LLC",07/29/2020,09/26/2020 to 01/31/2021,,011-20-122,(614) 577-6435,1,,None
Columbus/Franklin,"Retail Store Operations, Inc.",07/29/2020,09/26/2020 to 01/31/2021,,011-20-123,(614) 577-6435,6,,None
Reynoldsburg/Franklin,"Bath & Body Works Brand Management, Inc.",07/29/2020,09/26/2020 to 01/31/2021,,011-20-121,(614) 577-6435,8,,None
Reynoldsburg/Franklin,"beautyAvenues, LLC",07/29/2020,09/26/2020 to 01/31/2021,,011-20-119,(614) 577-6435,15,,None
Reynoldsburg/Franklin,"Bath & Body Works, LLC",07/29/2020,09/26/2020 to 01/31/2021,,011-20-120,(614) 577-6435,2,,None
Hopedale/Harrison,Hopedale Mining LLC (Rhino Energy LLC),07/29/2020,09/20/2020,,016-20-106,(859) 389-6500,113,,None
Various Cities/Various Counties,"Lakefront Lines, Inc.",07/29/2020,03/16/2020,,003-20-107,(216) 217-1220,339,,"Amalgamated Local 1931, Eastern States Joint Board I.U.A.N. & P.W and Eastern States Joint Board, Local 322"
Cleveland/Cuyahoga,Hilton Management LLC - Cleveland Downtown,07/29/2020,03/20/2020,,119-20-167*,(216) 413-5010,178,,None
Columbus/Franklin,"Mast Technology Services, Inc.",07/29/2020,09/26/2020 to 01/31/2021,,011-20-114,(614) 577-6435,142,,None
Columbus/Franklin,Hilton Management LLC - Columbus Downtown,07/29/2020,03/20/2020,,119-20-166*,(614) 484-5229,151,,None
Cincinnati/Hamilton,Fusite,07/29/2020,,,013-20-108,(513) 366-2278,113,,None
Columbus/Franklin,"L Brands Service Company, LLC",07/29/2020,09/26/2020 to 01/31/2021,,011-20-111,(614) 577-6435,56,,None
Columbus/Franklin,"Mast Logistics Services, LLC",07/29/2020,09/26/2020 to 01/31/2021,,011-20-112,(614) 577-6435,9,,None
Columbus/Franklin,"Retail Brokerage Solutions, LLC",07/29/2020,09/26/2020 to 01/31/2021,,011-20-109,(614) 577-6435,5,,None
Columbus/Franklin,"MII Brand Import, LLC",07/29/2020,09/26/2020 to 01/31/2021,,011-20-110,(614) 577-6435,42,,None
Various Cities/Various Counties,"PL Marketing, Inc.",07/27/2020,08/14/2020,,011-20-125,(859) 292-4631,243,,None
Vandalia/Montgomery,Air Wisconsin Airlines - Dayton International Airport,07/27/2020,10/01/2020,,119-20-164*,(920) 749-4244,47,,International Association of Machinists and Aerospace Workers
Cincinnati/Hamilton,American Queen Steamboat Company,07/27/2020,09/24/2020,,013-20-105,(812) 207-2602,250,,None
Cleveland/Cuyahoga,"ArcelorMittal Cleveland, Inc - ArcelorMittal USA LLC",07/27/2020,08/01/2020,,119-20-165*,(216) 429-6062,454,,United Steelworkers Local 979
Ravenna/Portage,Johnson Matthey Process Technologies Inc.,07/23/2020,10/02/2020 to 02/01/2021,,019-20-104,(330) 298-7005,55,,none
Vandalia/Montgomery,PSA Airlines,07/20/2020Updated08/03/2020,10/01/2020,,119-20-162*,(937) 301-9932,259,,"Transport Workers Union Local 592, Association of Flight Attendants-CWA, Air Line Pilots Association, International"
Cleveland/Cuyahoga,ExpressJet Airlines,07/20/2020,10/01/2020,,119-20-163*,(832) 234-5000,95,,International Brotherhood of Teamsters - Airline
Mingo Junction/Jefferson,"JSW Steel USA Ohio, Inc.",07/14/2020,07/17/2020 to 08/15/2020,,119-20-161*,(740) 535-8611,160,,None
Cincinnati/Hamilton,"Reisenfeld & Associates, LLC",07/13/2020,03/20/2020 to 07/02/2020,,119-20-159*,(513) 322-7000,69,,None
Columbus/Franklin,Center of Science and Industry (COSI),07/13/2020,04/08/2020,,119-20-160*,(614) 629-3152,177,,None
Various Cities/Various Counties,"Delaware North Companies, Inc.",07/08/2020,03/23/2020,,119-20-157*,(877) 936-2272,1805,,Chicago Midwest Regional Joint Board Workers United
Cleveland/Cuyahoga,"United Airlines, Inc. - Cleveland Hopkins International Airport",07/08/2020Updated08/03/2020,10/01/2020,,119-20-158*,(847) 700-7755,466,,"Air Line Pilots Association, Association of Flight Attendants - CWA, AFL-CIO, International Association of Machinists and Aerospace Workers, AFL-CIO, International Brotherhood of Teamsters, UNITE HERE International Union"
Columbus/Franklin,Franklin Park Conservatory and Botanical Gardens,07/07/2020,03/16/2020,,011-20-103,(614) 719-6640,95,,None
Mason/Warren,Raymond Management Company (Hilton Garden Inn Hotel),07/06/2020,06/30/2020,,012-20-101,(608) 662-8332,29,,None
Liberty Township/Butler,Raymond Management Company (AC by Marriott Hotel),07/06/2020,06/30/2020,,012-20-100,(608) 662-8332,20,,None
Dublin/Franklin,"Fiserv, Inc.",07/06/2020,09/04/2020 to 09/18/2020,,011-20-102,(262) 328-7587,79,,None
Dayton/Greene,The Salvation Army Family Store,07/06/2020,05/11/2020,,007-20-099,(216) 621-7860,8,,None
Columbus/Franklin,Levy Premium Foodservice - The Greater Columbus Convention Center,07/01/2020,08/01/2020,,011-20-098,(312) 877-1134,59,,None
Cleveland/Cuyahoga,Levy Premium Foodservice - Huntington Convention Center of Cleveland,06/30/2020,08/01/2020,,003-20-097,(312) 877-1134,19,,United Here Local #24
Oberlin/Lorain,Oberlin College,06/30/2020Updated07/20/2020,07/15/2020 to 08/15/2020,,004-20-096,(440) 775-5573,108,,"International Union, United Automobile, Aerospace, and Agricultural Implement Workers of America, Local 2912"
Cleveland/Cuyahoga,"Magna Industries, Inc.",06/30/2020,08/31/2020,,003-20-095,(216) 251-3334,102,,None
Columbus/Franklin,Copart,06/30/2020,06/29/2020,,011-20-094,(972) 391-5184,72,,None
Cleveland/CuyahogaBeachwood/Cuyahoga,"Allpro Parking, Ohio, LLC",06/29/2020,06/07/2020,,003-20-092,(716) 849-7275,22,,None
Columbus/Franklin,"Allpro Parking, Ohio, LLC",06/29/2020,06/07/2020,,011-20-093,(716) 849-7275,23,,None
Wright-Patterson AFB/Greene,"Sumaria Systems, Inc.",06/29/2020,08/31/2020,,007-20-091,(978) 739-4200,72,,None
La Rue/Marion,"J-Lenco, Inc.",06/29/2020,07/05/2020,,119-20-156*,(740) 499-2260,7,,None
Columbus/Franklin,AFP 116 Corp. - Embassy Suites Columbus Airport,06/25/2020,05/15/2020,,119-20-155*,(614) 536-0201,57,,None
Cincinnati/Hamilton,"Allpro Parking Ohio, LLC",06/25/2020,06/07/2020,,013-20-090,(716) 849-7275,18,,None
Northfield/Summit,"ADESA Ohio, LLC - Automotive Finance Corporation (AFC)",06/24/2020,08/01/2020,,002-20-088,(317) 843-3167,28,,None
Cleveland/Cuyahoga,Cleveland Indians Baseball Company LLC,06/24/2020,07/15/2020,,003-20-087,(216) 420-4563,85,,SEIU (Local 1)
Toronto/Jefferson,TIMET,06/24/2020,04/12/2020 to 06/26/2020,,119-20-154*,(740) 537-5885,200,,United Steel Workers
Columbus/Franklin,Levy Premium Foodservice-The Ohio State University,06/24/2020,08/01/2020,,011-20-089,(614) 219-9836,34,,None
Cincinnati/Hamilton,General Electric Aviation,06/23/2020,04/17/2020 to 07/24/2020,,119-20-153*,(513) 325-9199,529,,"IAM, UAW"
Cincinnati/Hamilton,"Westin Cincinnati (Merritt Hospitality, LLC)",06/22/2020,05/30/2020,,119-20-152*,(513) 852-2716,98,,"Chicago and Midwest Regional Joint Board, Workers United"
Youngstown/Mahoning,Hollywood Gaming Mahoning Valley Race Course,06/22/2020Updated08/17/2020,08/15/2020 to 10/08/2020,,017-20-086,(330) 505-8722,30,,None
Solon/Cuyahoga,Marriott International Customer Engagement Center,06/18/2020,03/24/2020,,119-20-151*,(440) 542-2389,200,,None
Twinsburg/Summit,"Certech, Inc.",06/17/2020,08/24/2020 to 09/04/2020,,002-20-085,(440) 600-4764,15,,None
Valley View/Cuyahoga,Northeast Projections Inc.,06/16/2020,06/16/2020,,119-20-150*,(216) 514-5023,13,,None
Columbus/Franklin,Hollywood Casino Columbus,06/15/2020Updated07/29/2020,08/15/2020,,011-20-084,(614) 308-4489,286,,None
Toledo/Lucas,Hollywood Casino Toledo,06/15/2020,08/15/2020,,009-20-083,(419) 661-5413,116,,None
Columbus/Franklin,ArcelorMittal Columbus LLC/ArcelorMittal USA LLC,06/11/2020,08/02/2020,,011-20-081,(614) 492-6816,121,,"United Steel Workers Local #9309, Obetz Local #2342-01"
Canal Winchester/Franklin,"HFI, Inc.",06/11/2020,08/03/2020,,011-20-082,(614) 491-0700,99,,None
Akron/Summit,Credit First National Association,06/10/2020,08/15/2020,,002-20-080,(216) 362-3355,52,,None
Columbus/Franklin,Hyatt Regency Columbus,06/09/2020,06/20/2020,,011-20-079,(614) 280-3033,192,,None
Sharonville/Hamilton,"Green Bay Dressed Beef, LLC",06/08/2020,08/07/2020,,013-20-078,(513) 543-5466,95,,United Food and Commercial Workers Local Union 75
Findlay/Hancock,"GSW Manufacturing, Inc.",06/03/2020Updated07/14/2020,07/31/2020 to 09/04/2020,,007-20-077,(419) 423-7111,61,,None
Columbus/Franklin,"Homewood Suites Columbus (Crescent Hotels & Resorts, LLC)",06/03/2020,03/20/2020,,119-20-148*,(703) 563-4931,4,,None
Cleveland/Cuyahoga,The Ritz-Carlton Hotel Co. LLC,06/03/2020,03/21/2020,,119-20-149*,(216) 902-5232,200,,None
Cleveland/Cuyahoga,"Cleveland Indians Baseball Company, LLC",06/02/2020,03/13/2020,,119-20-146*,(216) 420-4563,1146,,"IATSE Treasurers and Ticket Sellers (Local 756), SEIU (Local 1) and IATSE (Local 27)"
Columbus/Franklin,"Renaissance Hotel Mgmt Co., LLC",06/02/2020,03/21/2020,,119-20-147*,(614) 233-7501,158,,None
Cincinnati/Hamilton,Cincinnati Museum Center,06/01/2020,07/01/2020 to 08/01/2020,,013-20-076,(513) 287-7010,175,,None
Cincinnati/Hamilton,Boyd Gaming - Belterra Park Gaming & Entertainment Center,05/26/2020,07/01/2020 to 07/14/2020,,119-20-145*,(702) 692-4153,361,,"Local B754 of the International Alliance of Theatrical Stage Employees, Moving Picture Technicians, Artists and Allied Crafts of the United States, its Territories and Canada, AFL-CIO, CLC (“IATSE”)"
Cincinnati/Hamilton,21C Museum Hotel,05/22/2020,05/20/2020 to 07/01/2020,,013-20-075,(502) 882-6228,158,,None
Kent/Portage,"Schneller, Inc.",05/21/2020,05/18/2020,,119-20-144*,(330) 676-7141,50,,None
Boardman/Mahoning,"Poma Glass and Specialty Windows, Inc.",05/21/2020,07/25/2020,,017-20-074,(404) 446-4256,57,,None
Crooksville/Perry,"PCC Airfoils, LLC",05/20/2020,05/22/2020,,014-20-072,(740) 469-1134,122,,None
Miamisburg/Montgomery,Verso Corporation,05/18/2020,,,007-20-073,(937) 528-3457,59,,None
Strongsville/Cuyahoga,The Michaels Companies,05/18/2020Updated08/17/2020,07/18/2020 to 10/30/2020,,003-20-071,(972) 409-7628,320,,None
Columbus/Franklin,"LAZ Parking Midwest, LLC",05/14/2020,03/15/2020 to 04/11/2020,,119-20-142*,(312) 771-1939,154,,None
Marietta/Washington,Nine Energy Service,05/14/2020,03/12/2020 to 04/09/2020,,015-20-070,(346) 266-4604,60,,None
Cleveland/Cuyahoga,"LAZ Parking Midwest, LLC",05/14/2020,03/12/2020 to 04/16/2020,,119-20-143*,(312) 771-1939,62,,None
Cleveland/Cuyahoga,International Exposition Center (I-X Center),05/13/2020,03/20/2020 to 04/03/2020,,119-20-141*,(216) 265-2630,176,,"International Brotherhood of Teamsters, Local 507"
Blue Ash/Hamilton,Enterprise Holdings,05/12/2020,03/23/2020,,119-20-139*,(513) 538-6245,163,,None
Columbus/Franklin,Enterprise Holdings,05/12/2020,04/30/2020,,011-20-069,(513) 538-6245,35,,None
Columbus/Franklin,Enterprise Holdings,05/12/2020,03/23/2020,,119-20-140*,(513) 538-6245,66,,None
Blue Ash/Hamilton,Enterprise Holdings,05/12/2020,04/30/2020,,013-20-068,(513) 538-6245,14,,None
Columbus/Franklin,Enterprise Holdings,05/12/2020,04/30/2020,,011-20-067,(513) 538-6245,3,,None
Columbus/Franklin,Enterprise Holdings,05/12/2020,03/23/2020,,119-20-138*,(513) 538-6245,80,,None
Columbus/Franklin,VSP Global,05/11/2020,05/01/2020,,011-20-064,(916) 281-6373,128,,None
Mantua/Portage,HMS Host Corporation,05/11/2020,06/01/2020,,019-20-066,(813) 326-5052,84,,None
Columbus/FranklinCincinnati/Hamilton,"Collegiate Hotel Group, LLC",05/11/2020,03/16/2020,,119-20-137*,(502) 489-3737,135,,None
Jeffersonville/Fayette,"Specialty Retailers, Inc. (Stage Distribution Center)",05/11/2020,05/07/2020,,007-20-063,(713) 331-5010,287,,None
Bedford Heights/Cuyahoga,ASWPengg LLC,05/11/2020,06/30/2020,,003-20-065,(216) 292-4620,122,,None
Grove City/Franklin,Cox Automotive,05/11/2020,05/17/2020,,119-20-135*,(678) 645-2200,117,,None
Hamilton/Butler,Cox Automotive,05/11/2020,05/17/2020,,119-20-136*,(678) 645-2220,80,,None
Cleveland/Cuyahoga,DoubleTree Cleveland Downtown,05/07/2020,03/21/2020,,119-20-134*,(703) 563-4931,97,,"CMRJB/Workers United Local 10, Textile Processors, Service Trades, Health Care, Professionals and Technical Employees Local 1"
Columbus/Delaware,Hilton Columbus Polaris,05/07/2020Updated07/02/2020,03/21/2020 to 08/31/2020,,119-20-133*,(703) 563-4931,94,,None
Newcomerstown/TuscarawasWellsville/Columbiana,QMax America Inc.,05/07/2020,05/08/2020,,006-20-062,(918) 549-1561,3931,,None
Northfield/Summit,Northfield Park Associates -MGM Northfield Park,05/06/2020,03/02/2020 to 03/15/2020,,119-20-131*,(855) 464-6747,937,,"Unite Here, Teamsters Local 436, Teamsters Local 473, IATSE Local 756"
Cincinnati/Hamilton,Hyatt Regency Cincinnati,05/06/2020,05/06/2020,,119-20-132*,(513) 354-4110,73,,None
Barberton/Summit,B&C Research Inc.,05/05/2020Updated06/01/2020,04/03/2020 to 06/01/2020,,002-20-061,(330) 319-2750,121,,None
Warren/Trumbull,ArcelorMittal Warren LLC,05/05/2020,04/26/2020,,119-20-127*,(330) 841-2803,2,,None
Various Cities/Licking,Licking County Library,05/05/2020,05/11/2020,,119-20-128*,(740) 349-5505,58,,None
Youngstown/Mahoning,Brentwood Originals Inc.,05/05/2020,05/01/2020,,119-20-129*,(310) 637-6804,19,,None
Northfield/Summit,MGM Resorts Satellite LLC,05/05/2020,03/02/2020 to 03/15/2020,,119-20-130*,(855) 464-6747,1,,None
Findlay/Hancock,"Mitec-Powertrain, Inc. & Automotive, Inc.",05/04/2020,,,007-20-060,(248) 642-5660,186,,None
Fairfield/Butler,"Great Lakes Specialty Finance, Inc.",05/01/2020,06/05/2020,,012-20-059,(513) 430-9332,2,,None
East Liverpool/Columbiana,The Hall China Company,04/30/2020,04/30/2020 to 05/30/2020,,017-20-057,(304) 387-1300,40,,None
Thornville/Perry,The Shelly Company,04/30/2020,03/13/2020,,119-20-126*,(740) 334-2821,22,,None
Cleveland/Cuyahoga,"LeSaint Logistics, LLC",04/30/2020,06/19/2020,,003-20-058,(513) 601-4363,70,,None
Cincinnati/Clermont,Atrium Hospitality (Holiday Inn & Suites),04/30/2020,03/12/2020,,119-20-124*,(678) 335-6956,60,,None
Columbus/Franklin,Atrium Hospitality (Marriott),04/30/2020,03/12/2020,,119-20-125*,(678) 335-6956,104,,None
Middletown/Butler,"Sodexo, Inc.",04/29/2020,06/30/2020,,012-20-056,(513) 787-1225,57,,"Ohio Education Association, Midd-Roe Employees Union"
Beachwood/Cuyahoga,"DBOH Associates, LLC",04/29/2020,03/20/2020,,119-20-122*,(216) 464-5950,85,,None
Richfield/Summit,ArcelorMittal USA LLC,04/29/2020,04/26/2020,,119-20-123*,(219) 399-2098,2,,None
Beallsville/Monroe,American Energy Corporation,04/28/2020,05/02/2020,,119-20-118*,(740) 338-3100,110,,None
Cleveland/Cuyahoga,Enterprise Holdings,04/28/2020,03/22/2020,,119-20-120*,(440) 885-6915,65,,None
Hudson/Summit,Enterprise Holdings,04/28/2020,03/22/2020,,119-20-121*,(440) 885-6915,94,,None
Cleveland/Cuyahoga,Enterprise Holdings,04/28/2020,04/30/2020,,003-20-054,(440) 885-6915,14,,None
Brookpark/Cuyahoga,Enterprise Holdings,04/28/2020,04/30/2020,,003-20-053,(440) 885-6915,1,,None
Hudson/Summit,Enterprise Holdings,04/28/2020,04/30/2020,,002-20-055,(440) 885-6915,1,,None
Brookpark/Cuyahoga,Enterprise Holdings,04/28/2020,03/22/2020,,119-20-119*,(440) 885-6915,92,,None
Akron/Summit,"Great Lakes Specialty Finance, Inc.",04/28/2020,04/21/2020,,002-20-052,(513) 430-9332,1,,None
Various Cities/Various Counties,"Eat'n Park Hospitality Group, Inc.",04/28/2020,01/08/2020 to 04/06/2020,,119-20-117*,(412) 461-2000,688,,None
Richmond Heights/Cuyahoga,"Constant Aviation, LLC",04/27/2020,05/10/2020 to 05/15/2020,,003-20-051,(216) 331-1724,52,,None
Various Cities/Various Counties,"OS Restaurant Services, LLC",04/27/2020,03/15/2020,,119-20-116*,(813) 282-1225,3360,,None
Blue Ash/HamiltonCincinnati/Hamilton,"Belcan, LLC",04/27/2020,04/24/2020,,119-20-115*,(800) 423-5226,720,,None
Various Cities/Various Counties,"Visionworks, Inc.",04/23/2020,04/02/2020,,119-20-114*,(833) 663-4748,53,,None
Amsterdam/Jefferson,"Apex Environmental, LLC",04/22/2020,03/26/2020 to 04/10/2020,,119-20-112*,(973) 286-7064,49,,"International Union of Operating Engineers, Local 18"
Urbana/Champaign,Urbana University (Franklin University),04/22/2020,04/21/2020 to 05/21/2020,,007-20-050,(614) 947-6542,321,,None
New Philadelphia/Tuscarawas,"Gradall Industries, Inc.",04/22/2020,02/28/2020 to 03/24/2020,,119-20-113*,(330) 339-8415,103,,International Association of Machinists and Aerospace Workers
Cleveland/Cuyahoga,ArcelorMittal Cleveland USA,04/21/2020Updated04/28/2020,04/19/2020 to 04/26/2020,,119-20-111*,(216) 420-6062,403,,None
Wauseon/Fulton,"IAC Wauseon, LLC",04/21/2020,04/27/2020,,007-20-049,(419) 337-9558,125,,"UAW, Local 86"
Columbus/Franklin,"Miller's Ale House, Inc.",04/20/2020Updated05/14/2020,05/13/2020,,119-20-107*,(407) 547-1219,67,,None
Columbus/Franklin,"Miller's Ale House, Inc.",04/20/2020Updated05/14/2020,05/13/2020,,119-20-106*,(407) 547-1219,64,,None
Columbus/Franklin,"Avis Budget Car Rental, LLC",04/20/2020,03/20/2020 to 03/24/2020,,119-20-108*,(214) 298-3296,29,,None
Oakwood Village/Cuyahoga,"Maines Paper & Food Service, Inc.",04/20/2020,04/17/2020,,119-20-110*,(607) 779-1343,63,,None
Cleveland/Cuyahoga,"Avis Budget Car Rental, LLC",04/20/2020,03/13/2020 to 03/25/2020,,119-20-109*,(214) 298-3296,44,,None
Twinsburg/Summit,"Certech, Inc.",04/16/2020,04/20/2020,,002-20-048,(440) 600-4764,40,,None
Brookville/Montgomery,"Green Tokai Co., LTD",04/16/2020,03/23/2020,,119-20-104*,(937) 286-3256,543,,None
Seville/Medina,Blair Rubber Company,04/16/2020,04/19/2020,,119-20-105*,(800) 321-5583,12,,None
Dayton/Montgomery,CBCS,04/15/2020,03/23/2020,,119-20-098*,(919) 281-8336,17,,None
Cincinnati/Hamilton,Hilton Cincinnati Netherland Plaza,04/15/2020Updated07/29/2020,03/19/2020 to 07/31/2020,,119-20-099*,(865) 293-5251,279,,None
Akron/Summit,"HCFS Health Care Financial Services, LLC",04/15/2020Updated05/05/2020,04/15/2020 to 06/01/2020,,119-20-096*,(865) 293-5251,181,,None
West Chester/Butler,Scholastic Book Fairs,04/15/2020,03/18/2020,,119-20-097*,(513) 714-1023,142,,None
Groveport/Franklin,"Pier 1 Imports, Inc.",04/15/2020Updated06/03/2020,08/31/2020,,011-20-047,(817) 252-7700,221,,None
Delta/Fulton,"Fulton County Processing, LTD",04/15/2020,04/17/2020,,119-20-102*,(419) 822-9266,58,,None
Westerville/Delaware,"Westar Hotel Partners, LLC (Renaissance Columbus Westerville)",04/15/2020,03/20/2020,,119-20-103*,(614) 882-6800,105,,None
Marietta/Washington,"Profusion Industries, LLC",04/15/2020,03/30/2020 to 04/20/2020,,119-20-100*,(740) 374-0803,159,,"The International Chemical Workers Union Council, Local 343C"
Columbus/Franklin,ArcelorMittal Columbus LLC,04/15/2020,04/19/2020,,119-20-101*,(614) 492-6816,122,,"United Steel Workers Local #9309, United Steel Workers Local #2342-01"
Miamisburg/Montgomery,Ohio Cinema Investments LLC (Cinepolis),04/14/2020Updated07/29/2020,03/23/2020 to 07/31/2020,,119-20-092*,(972) 993-1553,43,,None
Crestline/Crawford,"Vitro Automotive/Pittsburgh Glass Works, LLC",04/14/2020,03/23/2020,,119-20-093*,(419) 569-7283,318,,None
Cleveland/Cuyahoga,ArcelorMittal Cleveland USA,04/14/2020,04/12/2020,,119-20-090*,(216) 420-6062,48,,None
Monroe/Butler,Deceuninck North America (DNA),04/14/2020,04/15/2020,,119-20-091*,(513) 539-5565,233,,None
Dayton/Montgomery,Crowne Plaza Dayton,04/14/2020,03/16/2020,,007-20-046,(937) 229-9836,130,,None
Sidney/Shelby,"Advanced Composites, Inc.",04/14/2020,04/13/2020,,119-20-095*,(615) 369-1108,210,,None
Dayton/Montgomery,Concord Dayton Hotel II LLC (Marriott at the University of Dayton),04/14/2020,03/20/2020,,119-20-094*,(937) 226-6835,160,,None
Mentor/Lake,Race Winning Brands,04/14/2020,04/14/2020,,005-20-045,(440) 951-6600,67,,None
Worthington/FranklinWest Carrollton/Montgomery,"I Am Boundless, Inc.",04/13/2020,04/17/2020,,119-20-089*,(614) 844-3800,87,,None
Dayton/Montgomery,SugarCreek Packing Co.,04/13/2020,03/26/2020 to 04/06/2020,,007-20-044,(513) 551-5280,94,,None
Lockbourne/Franklin,VSPOne,04/10/2020Updated05/11/2020,04/10/2020 to 05/01/2020,,119-20-086*,(916) 851-4889,234,,None
Medina/Medina,Agrati Medina,04/10/2020,04/15/2020,,119-20-087*,(330) 721-6358,163,,"UAW, Local 3025 and UAW, Local 3045"
Tiffin/Seneca,Agrati Tiffin,04/10/2020,04/13/2020,,119-20-088*,(330) 721-6358,57,,None
Franklin/Warren,"Huhtamaki, Inc.",04/09/2020,04/08/2020,,119-20-084*,(913) 219-2002,20,,None
Mingo Junction/Jefferson,"JSW Steel USA Ohio, Inc.",04/09/2020,04/09/2020,,119-20-085*,(740) 535-8617,162,,None
Various Cities/Various Counties,Arhaus Furniture,04/08/2020,04/03/2020,,119-20-079*,(440) 439-7700,188,,None
Delaware/Delaware,Acoust-A-Fiber,04/08/2020,03/19/2020,,119-20-080*,(614) 506-0181,159,,None
Columbus/Franklin,"Scioto Downs, Inc. (Eldorado Scioto Downs)",04/07/2020,04/11/2020,,119-20-077*,(614) 295-4035,420,,None
Wooster/Wayne,Rayco,04/07/2020,04/07/2020,,119-20-075*,(330) 264-8699,60,,None
Columbus/Delaware,Benihana Columbus Corp,04/07/2020,03/16/2020,,007-20-039,(305) 702-2817,37,,None
Cleveland/Cuyahoga,"Samurai, Inc.",04/07/2020,03/16/2020,,003-20-040,(305) 702-2817,29,,None
Cincinnati/Hamilton,Benihana National Corp,04/07/2020,03/16/2020,,013-20-041,(305) 702-2817,34,,None
Batavia/Clermont,"Huhtamaki, Inc.",04/07/2020Updated04/10/2020,04/06/2020 to 04/09/2020,,119-20-078*,(913) 219-2002,235,,None
Various Cities/Various Counties,"Hooters of America, LLC",04/07/2020,03/16/2020,,119-20-081*,(770) 799-2302,134,,None
Defiance/Defiance,Johns Manville,04/07/2020,04/06/2020,,119-20-083*,(419) 784-7021,35,,"United Steel, Paper, and Forestry, Rubber Manufacturing, Energy Allied Industrial & Service Workers International Union Local No. 51M and the United Auto Workers Local No. 211"
Columbus/Franklin,CBC Companies,04/07/2020,03/27/2020,,011-20-043,(614) 222-5349,17,,None
Worthington/Columbus,G6 Hospitality LLC,04/07/2020,04/13/2020 to 04/30/2020,,011-20-042,(972) 360-5916,70,,None
Findlay/Hancock,Cooper Tire & Rubber Company,04/06/2020,04/06/2020,,119-20-071*,(419) 424-4332,797,,None
Strongsville/Cuyahoga,Lamrite West,04/06/2020,04/06/2020,,119-20-070*,(972) 409-5880,45,,None
Cincinnati/Hamilton,Superior Auto Group,04/06/2020,04/01/2020,,013-20-037,(513) 554-2972,72,,None
Cleveland/Cuyahoga,Rock & Roll Hall of Fame,04/06/2020Updated04/08/2020,04/12/2020,,119-20-068*,(216) 515-1974,108,,Local B-27
Various Cities/Various Counties,"Cinemark USA, Inc.",04/06/2020,03/26/2020,,119-20-069*,(972) 665-1000,1303,,None
Cuyahoga Falls/Summit,"Americhem, Inc.",04/06/2020,04/01/2020,,119-20-072*,(330) 929-4213,56,,None
Orrville/Wayne,Bekaert Corporation,04/06/2020,03/27/2020,,119-20-074*,(330) 765-4417,40,,None
Youngstown/Mahoning,"VAM USA, LLC",04/06/2020,04/30/2020,,017-20-038,(281) 784-5532,59,,None
Holland/Lucas,Midwest Tape LLC,04/06/2020,03/23/2020,,119-20-073*,(419) 868-9370,183,,None
Columbus/Franklin,Crowne Plaza Columbus Downtown,04/03/2020,03/20/2020,,119-20-066*,(614) 461-2640,103,,None
Cleveland/Cuyahoga,InterContinental Cleveland Conference Center,04/03/2020,04/10/2020,,119-20-065*,(216) 707-4127,120,,None
Various Cities/Various Counties,"RTW Retailwinds, Inc.",04/02/2020,03/29/2020,,119-20-064*,(212) 884-2030,176,,None
Beallsville/Monroe,American Energy Corporation,04/01/2020Updated07/22/2020,08/10/2020,,015-20-033,(740) 338-3100,205,,None
Clarington/Monroe,"American Mine Services, Inc.",04/01/2020Updated07/22/2020,08/10/2020,,015-20-034,(740) 338-3100,37,,None
Powhatan Point/Belmont,The Ohio Valley Transloading Company,04/01/2020Updated07/22/2020,08/10/2020,,016-20-032,(740) 338-3100,3,,United Mine Workers of America
Cincinnati/Hamilton,Talbert House,04/01/2020,04/03/2020,,119-20-062*,(513) 751-7747,50,,None
University Heights/Cuyahoga,"Aramark Educational Services, LLC-John Carroll University",04/01/2020,05/15/2020,,003-20-030,(617) 529-2435,102,,Bakers' Union Local 19
Alledonia/Belmont,The Ohio Valley Coal Company,04/01/2020Updated07/22/2020,08/10/2020,,016-20-031,(740) 338-3100,63,,None
Washington Court House/Fayette,YUSA Corporation,04/01/2020,03/30/2020,,119-20-063*,(740) 572-2081,350,,None
Various Cities/Various Counties,North American Dental Group,04/01/2020,03/23/2020,,119-20-082*,(724) 698-2641,443,,None
Saint Clairsville/Belmont,"American Natural Gas, Inc.",04/01/2020Updated07/22/2020,08/10/2020,,016-20-035,(740) 338-3100,9,,None
Saint Clairsville/Belmont,"Murray American Energy, Inc.",04/01/2020Updated07/22/2020,08/10/2020,,016-20-036,(740) 338-3100,22,,None
Sandusky/ErieMason/Warren,"Great Lakes Services, LLC",03/31/2020Updated05/07/2020,03/16/2020 to 05/01/2020,,119-20-055*,(502) 648-9718,802,,None
Conneaut/Ashtabula,General Aluminum Mfg. Company-Conneaut,03/31/2020,03/23/2020,,119-20-056*,(440) 593-8170,198,,None
Edon/Williams,Busche Performance Group,03/31/2020,,,119-20-057*,(248) 200-6690,75,,None
Columbus/Franklin,Inner Health Chiropractic,03/31/2020,03/16/2020,,119-20-052*,(614) 419-5000,11,,None
Cleveland/Cuyahoga,Westin Cleveland Downtown,03/31/2020,03/16/2020,,119-20-053*,(440) 730-4282,256,,"IUOE Local 18, Chicago Midwest Regional Joint Board/Workers United"
Dayton/Montgomery,Economy Linen,03/31/2020,03/20/2020,,119-20-054*,(301) 575-0347,65,,"Chicago Midwest Regional Joint Board/Workers United, Teamsters Local 957"
Cincinnati/Hamilton,"MountainVision Enterprises, Inc.(The Maids of Cincinnati)",03/31/2020,03/23/2020,,119-20-061*,(513) 396-6900,23,,None
Various Cities/Various Counties,Morris Furniture Company,03/31/2020,03/22/2020,,119-20-076*,(937) 207-5695,269,,None
Cleveland/Cuyahoga,Great Lakes Brewing Company,03/31/2020,03/31/2020,,119-20-060*,(216) 325-0241,116,,None
North Canton/Stark,ASC Airtex,03/31/2020,04/01/2020,,119-20-058*,(260) 260-4074,88,,None
Greenville/DarkeMarysville/Union,"Greenville Technology, Inc./Moriroku-North America",03/31/2020,03/23/2020,,119-20-059*,(937) 548-1471,540,,None
Columbus/Franklin,"Bermex, Inc.",03/30/2020,03/28/2020,,119-20-040*,(586) 461-2051,45,,None
Columbus/Franklin,Manley Deas,03/30/2020,03/27/2020,,011-20-028,(614) 754-2817,172,,None
Perrysburg/Wood,"America's Auto Auction Toledo, Inc.",03/30/2020,03/23/2020,,119-20-042*,(214) 736-7988,127,,None
Cleveland/Cuyahoga,"Walsh Commercial Group, LLC",03/30/2020,03/24/2020,,119-20-041*,(216) 251-5509,55,,None
Barberton/Summit,"S.A. Comunale Co., Inc.",03/30/2020,03/23/2020,,119-20-039*,(330) 706-9424,3,,None
Woodmere/Cuyahoga,Paper Source,03/30/2020,03/29/2020,,119-20-049*,(312) 505-7214,10,,None
Columbus/Franklin,Paper Source,03/30/2020,03/29/2020,,119-20-048*,(312) 505-7214,13,,None
Mentor/Lake,"Crescent Metal Products, Inc.",03/30/2020,03/27/2020,,119-20-038*,(440) 350-1100,92,,UAW Local 70
Hamilton/Butler,"Dedicated Logistics, Inc.",03/30/2020,05/31/2020,,012-20-027,(651) 638-5529,116,,None
Ravenna/Portage,General Aluminum Mfg. Company-Ravenna,03/30/2020,03/23/2020,,119-20-050*,(330) 298-7280,212,,None
Loveland/Clermont,"Activehours, Inc-Earnin",03/30/2020,04/01/2020,,012-20-029,(650) 569-1122,6,,None
Cleveland/CuyahogaAkron/SummitColumbus/Franklin,Brightside Academy Ohio,03/30/2020,03/25/2020,,119-20-051*,(216) 777-3500,144,,None
Various Cities/Various Counties,"Goodwill Industries of Greater Cleveland & East Central Ohio, Inc.",03/30/2020,03/20/2020,,119-20-067*,(440) 545-1057,426,,None
Wapakoneta/Auglaize,General Aluminum Mfg. Company-Wapakoneta,03/30/2020,03/23/2020,,119-20-047*,(419) 739-8430,121,,None
Sharonville/HamiltonCincinnati/Hamilton,Beacon Orthopaedics & Sports Medicine,03/30/2020,03/28/2020,,119-20-043*,(513) 354-3700,226,,None
Warren/Trumbull,Ohio Star Forge Company,03/30/2020,03/30/2020,,119-20-044*,(330) 847-3139,88,,USW Local 2243
Findlay/Hancock,"GSW Manufacturing, Inc.",03/30/2020,03/30/2020,,119-20-046*,(419) 423-7111,55,,None
Cincinnati/Hamilton,"Consolidated Metal Products, Inc.",03/30/2020,03/30/2020,,119-20-045*,(513) 618-0676,52,,None
Springdale/Hamilton,"Pappas Restaurants, Inc.",03/26/2020,03/21/2020,,119-20-034*,(713) 869-0151,166,,None
Various Cities/Various Counties,"Prestige Maintenance USA, LP",03/26/2020,03/19/2020,,119-20-035*,(972) 578-9801,106,,None
Sandusky/Erie,NOMS Healthcare,03/26/2020Updated04/23/2020,03/19/2020,,119-20-037*,(419) 626-6161,412,,None
Cleveland/Cuyahoga,Jakprints,03/26/2020,03/17/2020,,003-20-026,(216) 374-6366,56,,None
Cleveland/Cuyahoga,"Soundwich, Inc.",03/26/2020,03/19/2020,,119-20-036*,(216) 535-1185,93,,None
Various Cities/Various Counties,Driven Brands Shared Services (Take 5 Oil Change),03/25/2020,03/22/2020,,119-20-029*,(704) 644-8192,198,,None
Tiffin/Seneca,Taiho Corporation of America,03/25/2020,03/23/2020,,119-20-028*,(419) 443-1645,229,,None
Columbus/Franklin,Ricart Automotive Personnel,03/25/2020,03/24/2020,,119-20-027*,(614) 836-6454,121,,None
Pomeroy/Meigs,"Mark Porter Auto Group-Porter CDJR, Inc.",03/25/2020,03/25/2020,,119-20-032*,(614) 746-2814,29,,None
Sidney/Shelby,"Augusta Sportswear, Inc.",03/25/2020,03/23/2020,,119-20-033*,(937) 494-2500,200,,None
Pomeroy/MeigsAthens/Athens,"Mark Porter Auto Group-Mark Porter Autoplex, Inc.",03/25/2020,03/25/2020,,119-20-031*,(614) 746-2814,5833,,None
Huron/Erie,International Automotive Components,03/25/2020Updated05/14/2020,08/21/2020 to 10/31/2020,,007-20-025,(419) 433-9417,234,,"UAW, Local 913"
Jackson/Jackson,"Mark Porter Auto Group-Porter Jackson, Inc.",03/25/2020,03/25/2020,,119-20-030*,(614) 746-2814,41,,None
Cleveland/Cuyahoga,Renaissance Cleveland Hotel,03/24/2020Updated05/22/2020,03/23/2020 to 04/08/2020,,119-20-018*,(972) 830-3123,143,,None
Sidney/Shelby,Gissing North America,03/24/2020,03/23/2020,,119-20-019*,(207) 784-1118,120,,None
Blue Ash/Hamilton,Spire Hospitality,03/24/2020Updated06/29/2020,07/01/2020,,013-20-024,(469) 788-8710,79,,None
Independence/Cuyahoga,Embassy Suites Cleveland Rockside,03/24/2020Updated05/22/2020,03/19/2020 to 03/31/2020,,119-20-016*,(972) 830-3123,72,,None
Cleveland/CuyahogaNorth Randall/Cuyahoga,"JACK Ohio Finance, LLC (JACK Entertainment)",03/24/2020,03/31/2020,,119-20-017*,(216) 297-4896,1561,,"UAW Region 2B, IBT Local 436, USW District 1, Unite HERE Local 24, IATSE Local 756, CMJRB, affiliated with Workers United and SEIU, SPFPA"
North Jackson/Mahoning,Things Remembered Fulfillment Center,03/24/2020,03/24/2020,,119-20-024*,(330) 538-2125,158,,None
Liberty Center/Henry,Kleeberger Contracting Services,03/24/2020,03/23/2020,,119-20-026*,(567) 202-1237,5,,None
Youngstown/Mahoning,"Brentwood Originals, Inc.",03/24/2020Updated04/01/2020,03/23/2020 to 03/31/2020,,119-20-025*,(310) 637-6804,198,,"United Steelworkers District 1, Sub-District 1"
Perrysburg/Wood,Hilton Garden Inn-Toledo/Perrysburg,03/24/2020Updated06/11/2020,03/20/2020 to 06/30/2020,,119-20-023*,(419) 873-3600,112,,None
Barberton/Summit,Wright Tool,03/24/2020,03/23/2020,,119-20-020*,(330) 419-1733,140,,None
Sidney/Shelby,Ross Casting & Innovation,03/24/2020,03/24/2020,,119-20-021*,(937) 497-4500,167,,None
Various Cities/Various Counties,"Ultimate Home Services, LLC",03/24/2020,03/24/2020,,119-20-022*,(614) 888-8698,62,,None
Lorain/Lorain,US Steel Seamless Tubular Operations (Lorain Tubular),03/23/2020,05/24/2020,,004-20-023,(281) 671-3834,250,,United Steelworkers
Sidney/ShelbyGettysburg/Darke,Norcold Incorporated,03/23/2020,03/23/2020,,119-20-015*,(734) 769-0721,345,,None
Edgerton/Williams,Matsu Ohio,03/23/2020Updated04/29/2020,03/23/2020 to 04/17/2020,,119-20-014*,(419) 298-2394,175,,None
Waverly/Pike,Kirchhoff Automotive Waverly,03/20/2020,03/19/2020,,119-20-007*,(740) 912-9520,225,,None
Conesville/Coshocton,AEP - Conesville,03/20/2020,05/31/2020,,007-20-022,(740) 829-4032,83,,IBEW Local 1466
Columbus/FranklinWesterville/Franklin,Roush Auto Group,03/20/2020,03/20/2020,,119-20-013*,(614) 942-4310,200,,None
Salem/Columbiana,Ventra Salem LLC,03/20/2020,03/20/2020,,119-20-008*,(234) 564-7103,794,,None
Saint Marys/Auglaize,Murotech Ohio Corporation,03/20/2020,03/20/2020,,119-20-012*,(479) 733-2292,52,,None
Various Cities/Various Counties,Chilgo LLC,03/20/2020,03/16/2020,,119-20-011*,(216) 961-6767,331,,None
Various Cities/Various Counties,"Calimira, LLC (Rusty Bucket Restaurant & Tavern)",03/20/2020,03/15/2020,,119-20-010*,(614) 621-2965,910,,None
Various Cities/Various Counties,Cameron Mitchell,03/20/2020,03/15/2020,,119-20-009*,(614) 621-2965,1390,,None
Cleveland/Cuyahoga,Strang Corporation,03/19/2020,03/16/2020,,119-20-006*,(216) 961-6767,105,,None
Cleveland/Cuyahoga,Punch Bowl Cleveland LLC,03/19/2020,03/16/2020,,119-20-003*,(720) 414-2726,102,,None
Dublin/Franklin,Embassy Suites Dublin,03/19/2020Updated05/22/2020,03/19/2020 to 04/15/2020,,119-20-004,(972) 830-3123,97,,None
Brookfield/Trumbull,"Ultra Premium Services, LLC",03/19/2020,04/17/2020,,119-20-005*,(713) 585-3020,121,,None
Coldwater/Mercer,Totally Promotional,03/17/2020,03/17/2020 to 06/15/2020,,119-20-002*,(567) 890-6035,150,,None
Various Cities/Various Counties,Firebirds Wood Fired Grill,03/17/2020,03/15/2020,,119-20-001*,(704) 944-5164,410,,None
Lisbon/Columbiana,Columbus McKinnon Corporation,03/10/2020Updated07/20/2020,05/05/2020 to 11/01/2020,,017-20-021,(330) 332-6917,69,,"United Steel, Paper and Forestry, Rubber, Manufacturing, and Energy, Allied Industrial and Service Workers International Union AFL-CIO-CLC, Local Union 3372-3"
Cleveland/Cuyahoga,"QIC Properties US, Inc.",03/02/2020,04/30/2020,,003-20-020,(216) 523-4323,56,,None
Hilliard/Franklin,Verizon,02/19/2020Updated05/18/2020,04/07/2020 to 07/10/2020,,011-20-019,(908) 559-1075,496,,None
Groveport/Franklin,Pier 1 Distribution and Fulfillment Center,02/18/2020,04/10/2020,,011-20-018,(817) 252-8132,75,,None
Wooster/Wayne,Worthington Industries,02/14/2020,02/11/2020 to 05/31/2020,,007-20-017,(614) 840-4296,120,,None
Oxford/Butler,Miami University,02/13/2020,07/01/2020,,012-20-016,(513) 529-5716,39,,None
Fairfield/Butler,Bear Down Logistics,02/12/2020Updated04/06/2020,04/02/2020,,012-20-015,(708) 707-0461,105,,None
Akron/Summit,JCPenney Store 1071,02/10/2020Updated06/03/2020,07/17/2020 to 07/31/2020,,002-20-014,(779) 205-8624,66,,None
Cincinnati/Hamilton,U.S. Bank Lunken Operations Center,02/10/2020,04/06/2020,,013-20-012,(651) 468-2611,65,,None
Brook Park/Cuyahoga,"Vantage Partners, LLC",02/10/2020,03/31/2020,,003-20-013,(301) 922-0733,216,,None
Lorain/Lorain,Macy's Lorain,02/05/2020,04/05/2020 to 10/07/2020,,004-20-011,(678) 474-3281,161,,None
Strongsville/Cuyahoga,Lamrite West (The Michaels Companies),02/04/2020,02/04/2020,,003-20-010,(440) 878-3513,77,,None
Dublin/Franklin,"Fiserv, Inc.",02/03/2020Updated05/05/2020,03/31/2020 to 05/29/2020,,011-20-009,(262) 879-5573,102,,None
Cincinnati/Hamilton,"Brighton Tru-Edge Heads & Fabricated Products, Inc.",01/29/2020Updated04/28/2020,04/28/2020 to 05/11/2020,,013-20-008,(513) 482-7186,71,,Boilermakers Local 106
Cincinnati/Hamilton,"EMCOR Facilities Services, Inc.",01/28/2020,03/31/2020,,013-20-007,(513) 679-8668,59,,None
Wapakoneta/Auglaize,AMETEK Westchester Plastics,01/27/2020Updated04/02/2020,03/31/2020 to 06/30/2020,,008-20-005,(419) 739-3227,78,,"United Electrical, Radio and Machine Workers of America (UE) Union, Local 766"
Adena/Jefferson,Altercare Adena,01/27/2020,03/23/2020,,016-20-006,(330) 498-8201,38,,None
West Jefferson/Madison,Jacobson Warehouse Company (XPO Logistics Supply Chain),01/17/2020Revised01/21/2020,03/20/2020,,007-20-004,(336) 232-4100,185,,None
Richfield/Summit,Newark Corporation,01/15/2020,03/06/2020,,002-20-003,(773) 907-5355,71,,None
Cincinnati/Hamilton,Macy's Northgate Mall,01/07/2020,03/17/2020 to 03/30/2020,,013-20-002,(312) 781-5601,139,,None
Columbus/Franklin,Gannett,01/06/2020,03/06/2020,,011-20-001,(215) 692-0651,186,,"International Brotherhood of Teamsters, Local 25-M of District Council 3; International Brotherhood of Teamsters, Local 473; and International Brotherhood of Teamsters, Local 284"
Vandalia/Montgomery,"Energizer Brands, LLC (Global Auto Care Operations)",12/18/2019,02/17/2020- 02/28/2020,,007-19-099,(937) 742-4437,59,,None
Fairlawn/Summit,"A. Schulman, Inc. (LyondellBasell Finance Co.)",11/21/2019,1/31/2020,,002-19-098,(330) 668-7298,43,,None
Cincinnati/Hamilton,Millennium Hotel Cincinnati,11/13/2019,01/06/2020- 03/01/2020,,013-19-097,(513) 352-2117,97,,"Chicago & Midwest Regional Joint Board, Workers United/SEIU"
Cincinnati/Hamilton,Cincinnati Christian University,11/4/2019,11/01/2019- 12/31/2019,,013-19-096,(513) 244-8492,53,,None
Cincinnati/Hamilton,EG America,11/1/2019,12/31/2019,,013-19-095,(719) 369-8000,200,,None
Cincinnati/Hamilton,Frutarom,11/1/2019,12/31/2019- 05/31/2020,,013-19-094,(347) 504-4782,86,,None
Cincinnati/Hamilton,"MV Transportation, Inc.",10/29/2019,12/31/2019,,013-19-093,(469) 909-8014,97,,Amalgamated Transit Union Local 627
Brookville/Montgomery,IMI Precision Engineering,10/24/2019,01/17/2020- 05/29/2020,,007-19-092,(303) 797-5119,109,,None
Canton/Stark,Transform SR LLC - 06180,10/23/2019,1/12/2020,,006-19-091,(440) 983-3858,8,,None
Canton/Stark,Transform SR LLC - 01410,10/23/2019,1/12/2020,,006-19-090,(440) 983-3858,70,,None
Chillicothe/Ross,Kitchen Collection LLC,10/16/2019,12/01/2019- 12/31/2019,,020-19-089,(740) 773-9150,69,,None
North Olmsted/Cuyahoga,"Fresenius Management Services, Inc.",10/4/2019,12/06/2019- 01/31/2020,,003-19-088,(781) 690-4678,57,,None
West Chester/Butler,"Inpax Final Mile Delivery, Inc.",10/2/2019,10/02/2019- 10/21/2019,,012-19-087,(404) 924-7090,64,,None
Euclid/Cuyahoga,"Inpax Final Mile Delivery, Inc.",10/2/2019,10/02/2019- 10/10/2019,,003-19-086,(404) 924-7090,64,,None
West Chester/Butler,Thompson Hospitality Services,9/24/2019,11/9/2019,,012-19-085,(703) 757-5530,10,,SEIU Local 1
Millbury/Wood,Guardian Fabrication LLC,9/25/2019,11/20/2019,,007-19-084,(419) 855-7706,100,,Unknown
Wilmington/Clinton,Deluxe Entertainment Services Group Inc.,9/23/2019,12/01/2019- 04/01/2020,,007-19-083,(818) 526-3863,10,,None
Garfield Heights/Cleveland,Tomlinson Industries,9/16/2019,11/10/2019,,003-19-082,(216) 332-1543,60,,"International Brotherhood of Boilermakers, Local M03"
Cincinnati/Hamilton,Coney Island Inc.,9/10/2019,11/8/2019,,013-19-081,(513) 232-8230,13 FT,,None
Mason/Warren,Compass Group USA DBA Eurest Services @ Procter & Gamble,9/9/2019 Revised 09/23/2019,11/9/2019,,012-19-080,(513) 968-8049,12,,None
West Chester/Butler,Compass Group USA DBA Eurest Services @ Procter & Gamble,9/9/2019 Revised 09/23/2019,11/9/2019,,012-19-079,(513) 968-8049,8,,None
Cincinnati/Hamilton,Compass Group USA DBA Eurest Services @ Procter & Gamble,9/9/2019 Revised 09/23/2019,11/9/2019,,013-19-078,(513) 968-8049,17,,None
Cincinnati/Hamilton,Compass Group USA DBA Eurest Services @ Procter & Gamble,9/9/2019 Revised 09/23/2019,11/9/2019,,013-19-077,(513) 968-8049,31,,None
Cincinnati/Hamilton,Compass Group USA DBA Eurest Services @ Procter & Gamble,9/9/2019 Revised 09/23/2019,11/9/2019,,013-19-076,(513) 968-8049,9,,None
Cincinnati/Hamilton,Compass Group USA DBA Eurest Services @ Procter & Gamble,9/9/2019 Revised 09/23/2019,11/9/2019,,013-19-075,(513) 968-8049,2,,None
Cincinnati/Hamilton,Thompson Hospitality Services,9/9/2019 Revised 09/24/2019,11/9/2019,,013-19-074,(703) 757-5530,122,,SEIU Local 1
Warrensville Heights/Cuyahoga,"Altercare at Saint Joseph, Inc.",9/3/2019,10/28/2019,,003-19-073,(330) 498-8201,139,,None
Various Cities/Various Counties,CCU Coal and Construction LLC,8/29/2019,10/31/2019,,014-19-072,(740) 722-9333,205,,None
North Canton/Stark,NextGen Healthcare Inc.,8/28/2019,11/01/2019- 01/01/2020,,006-19-071,(949) 237-5716,82,,None
Columbus/Franklin,Vertiv Corporation,8/19/2019 Revised 12/10/2019,10/14/2019- 04/24/2020,,011-19-070,(740) 833-8598,130,,None
Groveport/Franklin,PSEB LLC,8/13/2019,10/11/2019,,011-19-069,(614) 497-1469,111,,None
Ashtabula/Ashtabula,Aloterra Packaging LLC,8/13/2019,10/6/2019,,019-19-068,(269) 385-5050,39,,None
Martin's Ferry/Belmont,East Ohio Valley Regional Hospital,8/12/2019,10/7/2019,,016-19-067,(304) 234-0123,343,,None
Mason/Warren,Security National Automotive Acceptance Company LLC,8/7/2019,8/7/2019,,012-19-066,(513) 459-8118,150,,None
Lebanon/Warren,Addition Manufacturing Technologies LLC,8/6/2019,8/30/2019,,012-19-065,(513) 228-7000,119,,None
Cincinnati/Hamilton,"Fisher Auto Parts, Inc.",8/1/2019,10/1/2019,,013-19-064,(540) 885-8901,137,,None
Blue Ash/Hamilton,"EBTH, Inc. - Distribution Center",7/24/2019,08/14/2019- 08/27/2019,,013-19-063,N/A,160,,None
Cincinnati/Hamilton,"EBTH, Inc. - Wilmer Warehouse",7/24/2019,08/14/2019- 08/27/2019,,013-19-062,N/A,70,,None
Gahanna/Franklin,Arrow Electronics Inc.,7/16/2019,9/14/2019,,011-19-061,(303) 824-3788,304,,None
Cleveland/Cuyahoga,Cleveland Hardware & Forging Company,7/16/2019,9/16/2019,,003-19-060,(248) 882-1606,25,,United Steelworkers Local 1- 243-13
Columbus/Franklin,"Taylor Communications, Inc.",7/12/2019,09/03/2019- 09/30/2019,,011-19-059,(678) 380-9095,63,,None
Georgetown/Brown,Stanley Black & Decker,7/11/2019 Revised 10/25/2019,04/30/2020- 06/30/2020,,012-19-058,(937) 378-4048,81,,None
Sugarcreek Township/Montgomery,"Lake Ventures, LLC (Fresh Thyme Farmers Market)",7/10/2019,07/16/2019- 07/27/2019,,007-19-057,N/A,51,,None
Columbus/Franklin,Pearson,7/1/2019,06/10/2019- 06/25/2019,,011-19-056,(415) 269-6602,5,,None
Youngstown/Mahoning,The Vindicator,7/1/2019,08/31/2019- 10/31/2019,,017-19-055,(330) 747-1471,144,,"Graphic Communications Conference/International Brotherhood of Teamsters Teamsters, Local 473"
Fairlawn/Summit,"Fairlawn Healthcare, LLC",6/11/2019,06/14/2019- 07/01/2019,,002-19-054,(614) 401-7294,65,,"United Food & Commercial Workers Union, Local 880"
Dayton/Montgomery,Parallel,6/10/2019,6/30/2019,,007-19-053,(937) 424-1420,184,,Ohio Education Association (OEA)
Beavercreek/Greene,BTAS,6/6/2019,7/17/2019,,007-19-052,(937) 431-9431,12,,None
Columbus/Franklin,Pearson,6/3/2019,6/3/2019,,011-19-051,(415) 269-6602,29,,None
West Jefferson/Madison,"Schenker, Inc.",5/30/2019 Revised 06/12/2019 Revised 08/01/2019,9/30/2019,,007-19-050,(847) 687-6154,209,,None
Westerville/Franklin,Uptown Westerville Healthcare,5/22/2019,6/20/2019,,011-19-049,(614) 882-1511,50,,None
Seven Hills/Cuyahoga,KEPRO,5/17/2019,05/11/2019- 06/08/2019,,003-19-048,(717) 564-8288,138,,None
Columbus/Franklin,Pearson,5/17/2019,5/15/2019,,011-19-047,(415) 269-6602,8,,None
Wilmington/Clinton,"Deluxe Entertainment Services Group, Inc.",Updated 05/16/2019,11/01/2019- 12/27/2019,,007-19-046,(818) 526-3863,59,,None
Lorain/Lorain,Falcon Transport Co.,5/7/2019,4/27/2019,,004-19-045,(330) 793-1345,61,,None
Youngstown/Mahoning,Falcon Transport Co.,5/7/2019,4/27/2019,,017-19-044,(330) 793-1345,52,,None
Youngstown/Mahoning,Falcon Transport Co.,5/7/2019,4/27/2019,,017-19-043,(330) 793-1345,49,,None
Westerville/Franklin,Bon Appetit Management Co.,5/2/2019,7/1/2019,,011-19-042,(843)509-9436,85,,None
Akron/Summit,"Alliance Data Systems, Inc.",5/1/2019,06/25/2019- 07/09/2019,,002-19-041,(614) 729-4015,150,,None
Bellefontaine/Logan,Ellett Brothers LLC,4/30/2019,6/30/2019,,007-19-040,(803) 345-3751,68,,None
Piqua/Miami,"Joyson Safety Systems Acquisitions, LLC",4/29/2019,6/28/2019,,007-19-039,N/A,14,,None
Elyria/Lorain,JCPenney,4/25/2019,07/06/2019- 07/20/2019,,004-19-038,(440) 324-5736,69,,None
Columbus/Franklin,SP Plus,4/19/2019,5/31/2019,,011-19-037,(614) 610-4063,164,,None
Cleveland/Cuyahoga,Laird,4/12/2019,6/14/2019,,003-19-036,(760) 703-4551,2,,None
Warren/Trumbull,Leadec Corporation,Updated 4/9/2019,05/03/2019- 06/07/2019,,018-19-035,(513) 731-3590,40,,"United Automotive Workers, Local 1112"
Warren/Trumbull,General Motors LLC,3/26/2019,5/31/2019,,018-19-034,(330) 824-5810,26,,U.A.W. International and Local Union 1112
Warren/Trumbull,GM Lordstown Complex,Updated 03/26/2019 Originated 12/17/2018,03/06/2019- 04/29/2019,,018-18-022,(330) 824-5810,1607,,U.A.W. International and Local Union 1112
Brookville/Montgomery,"Payless ShoeSource, Inc.",Updated 04/29/2019 Revised 03/26/2019,05/01/2019- 05/15/2019,,007-19-033,(469) 530-4435,217,,None
Cleveland/Cuyahoga,Ferro Corporation,3/25/2019,05/22/2019- 06/04/2019,,003-19-032,(216) 875-6113,71,,Steelworkers Local 1170
Solon/Cuyahoga,Schwebel Baking Company,3/18/2019,5/16/2019,,003-19-031,(330) 783-2860,204,,Teamsters Local 507 Teamsters Local 52 Bakers Union Local 19
Wilmington/Clinton,Fifth Third Bank,3/14/2019,05/13/2019- 07/31/2019,,007-19-030,(513) 534-7637,30,,None
Lockbourne/Franklin,Ryder Integrated Logistics,Updated 3/22/2019,05/10/2019- 06/28/2019,,011-19-029,(614) 409-5027,249,,None
Lima/Allen,Crothall Healthcare,3/8/2019,4/30/2019,,007-19-028,(513) 518-9917,58,,None
Conesville/Coshocton,American Electric Power (AEP),3/5/2019,5/31/2019,,007-19-027,(740) 829-4032,50,,IBEW Local 1466
Groveport/Franklin,Ryder Integrated Logistics,3/4/2019,5/4/2019,,011-19-026,(317) 837-5305,20,,None
Lockbourne/Franklin,Ryder Integrated Logistics,3/4/2019,5/4/2019,,011-19-025,(317) 837-5305,76,,None
West Chester/Butler,"General Motors, LLC",3/4/2019,5/31/2019,,012-19-024,(810) 640-3312,101,,U.A.W. International Union and the U.A.W. Local Union 696
Cincinnati/Hamilton Columbus/Franklin Richfield/Summit Toledo/Lucas,New England Motor Freight (NEMF),2/26/2019,02/15/2019- 03/01/2019,,002-19-023,(732) 940-7216,58 94 97 35,,"Local 447 of District 15 of the International Association of Machinists and Aerospace Workers, AFL-CIO"
Millbury/Wood,"Consolidated Glass and Mirror, LLC",2/25/2019,4/22/2019,,007-19-022,(248) 340-2067,Unknown,,None
Baltic/Tuscarawas,The Genie Company,2/22/2019,04/26/2019- 07/15/2019,,006-19-021,(330) 763-8072,58,,None
Cleveland Heights/Cuyahoga Holland/Lucas,Spectrum Pharmaceuticals,2/20/2019,4/12/2019,,003-19-020,(702) 835-6310,2,,None
Valley View/Cuyahoga,"Duralee (The Robert Allen Duralee Group, Inc.)",2/19/2019,4/22/2019,,003-19-019,(508) 851-6600,3,,None
Warren/Trumbull,Leadec Corporation,Updated 3/4/2019,4/1/2019,,018-19-018,(513) 731-3590,39,,"United Automotive Workers, Local 1112"
Columbus/Franklin,Columbus Bakery,2/19/2019,02/11/2019- 04/13/2019,,011-19-017,(614) 462-2080,405,,"International Association of Machinists and Aerospace Workers, The Bakery, Confectionery, Tobacco Workers and Grain Millers"
Boardman/Mahoning,Dillard's,2/13/2019,04/17/2019- 05/14/2019,,017-19-016,(501) 376-5261,123,,None
Beachwood/Cuyahoga,Park East Center,2/13/2019,02/14/2019- 04/14/2019,,003-19-015,(216) 861-4303,95,,"Service Employees International Union District 1199 WV/KY/OH, The Health Care and Social Service Union, CTW, CLC"
Strongsville/Cuyahoga,Lamrite West (Pat Catan's),2/8/2019,01/29/2019- 11/30/2019,,003-19-014,(972)409-5880,56,,None
Warren/Trumbull,"General Motors, LLC.",2/5/2019,2/4/2019,,018-19-013,(313) 665-4512,11,,None
Cleveland/Cuyahoga,"ParkOhio Products, Inc.",1/30/2019,3/31/2019,,003-19-012,(216) 334-1127,Unknown,,None
Fairborn/Greene,Teleperformance,1/28/2019,3/31/2019,,007-19-011,(801) 257-5811,334,,None
Highland Heights/Cuyahoga,"Things Remembered, Inc.",1/25/2019,3/4/2019,,003-19-010,(440) 473-2000,126,,None
Perrysburg/Wood,Holiday Inn French Quarter,1/18/2019,3/31/2019,,007-19-009,(567) 331-8448,170,,None
Columbus/Franklin,"Thirty One Gifts, LLC",1/14/2019,03/22/2019- 07/31/2019,,011-19-008,(614) 414-4300,620,,None
Lordstown/Trumbull,Vista Window Company,1/14/2019,1/14/2019,,018-19-007,(216) 832-6977,110,,None
Brooklyn/Cuyahoga,"Keystone Tailored Manufacturing, LLC",1/10/2019,03/11/2019- 03/31/2019,,003-19-006,(646) 647-2790,140,,Workers United Union and IAM Union
Springboro/Warren,"Robert Bosch Battery Systems, LLC",1/10/2019,07/01/2019- 07/31/2019,,012-19-005,(937) 743-4567,68,,"IUE-CWA-AFL-CIO-CLC, Local 755 Dayton, OH, Industrial Division of the Communication Workers of America and Robert Bosch Battery Systems LLC"
Streetsboro/Portage,"Ryder Integrated Logistics, Inc.",1/7/2019,3/8/2019,,019-19-004,(317) 590-0852,75,,None
Columbus/Franklin,New Story of Ohio,1/3/2019,3/3/2019,,011-19-003,(570) 609-0626,53,,None
West Chester Township/Butler,ICONEX,1/3/2019,03/03/2019- 04/28/2019,,012-19-002,(937) 750-3916,67,,None
Austintown/Mahoning,"Comprehensive Logistics, Inc.(Source Providers)",1/2/2019,3/18/2019,,017-19-001,(330) 793-8097,Unknown,,United Steelworkers of America
Warren/Trumbull,Lordstown Seating Systems (MAGNA),12/27/2018,2/25/2019,,018-18-023,(330)824-3101,120,,UAW 1112
Warren/Trumbull,GM Lordstown Complex,12/17/2018,3/11/2019,,018-18-022,(330) 824-5810,1607,,U.A.W. International and Local Union 1112
Groveport/Franklin,Radial South L.P.,12/12/2018,02/04/2019- 02/18/2019,,011-18-021,(859) 360-8019,194,,None
Seven Hills/Cuyahoga,Bridgeview Bank Mortgage Company,12/10/2018,11/11/2018- 12/31/2018,,003-18-020,(773) 989-5707,97,,None
Columbus/Franklin,G6 Hospitality LLC (Motel 6 Contact Center),11/9/2018,1/7/2019,,011-18-019,(972) 360-5749,150,,None
Cincinnati/Hamilton,Citizens Bank,11/5/2018,1/4/2019,,013-18-018,(401) 260-2481,55,,None
Cincinnati/Hamilton,Mid-Town Health,11/2/2018,1/8/2019,,013-18-017,(513) 624-4695,269,,None
Fairfield/Butler,Mid-Town Health,11/2/2018,1/8/2019,,013-18-017,(513) 624-4695,80,,None
Canton/Stark,Nationwide Mutual Insurance Company,10/31/2018,12/30/2018- 03/31/2019,,006-18-016,(614) 249-2763,177,,None
Mount Vernon/Knox,Siemens,10/29/2018,12/28/2018,,007-18-015,(740) 398-794,57,,International Association of Machinist and Aerospace Workers Local Lodge 90
Middleburg Heights/Cuyahoga,Kmart Store 04257,10/18/2018,12/31/2018,,003-18-014,(847) 286-1427,63,,None
Dayton/Montgomery,The Cottages of Clayton,10/10/2018,None,,007-18-013,(270) 313-1376,0,,None
Hilliard/Franklin,Verizon Wireless,10/9/2018,11/17/2018,,011-18-012,(614) 634-1959,95,,None
Solon/Cuyahoga,MPP,10/2/2018,12/1/2018,,003-18-011,(317) 669-1928,55,,None
Columbus/Franklin,"Allpro Parking Ohio, LLC",9/18/2018,11/15/2018,,011-18-010,(877) 776-7275,55,,None
Alliance/Stark,"PTC Group Holdings Corp. (Alliance Tubular Products, LLC)",9/17/2018,Unknown,,006-18-009,(412) 299-2634,0,,"United Steel, Paper and Forestry, Rubber, Manufacturing, Energy, Allied, Industrial and Service Workers International Union, Local 3059-01."
Alliance/Stark,"PTC Group Holdings Corp. (Alliance Tubular Products, LLC)",Revised 11/1/2018,Unknown,,006-18-009,(412) 299-2634,,,"United Steel, Paper and Forestry, Rubber, Manufacturing, Energy, Allied, Industrial and Service Workers International Union, Local 3059-01."
Dayton/Montgomery,"The Children's Group, LLC",8/27/2018,12/21/2018- 02/28/2019,,007-18-008,(540) 948-7270,27,,None
Youngstown/Mahoning,Northside Regional Medical Center,8/15/2018,10/14/2018,,017-18-007,(772) 388-4121,468,,"Ohio Nurses Association (""ONA"") and SEIU District 1199, WV/KY/OH (""District 1199"")"
Youngstown/Mahoning,Northside Regional Medical Center,Revised 08/17/2018,10/14/2018,,017-18-007,(772) 388-4121,,,"Ohio Nurses Association (""ONA"") and SEIU District 1199, WV/KY/OH (""District 1199"")"
Akron/Summit,Meggitt Aircraft Braking Systems Corporation,08/14/02018,10/12/2018,,002-18-006,(330) 796-3582,6,,"International Union, United Automobile, Aerospace & Agricultural Implement Workers of America, U.A.W and its Amalgamated Local Union No. 856"
Perrysburg/Wood,Orbis Corporation,8/1/2018,12/14/2018 - 12/28/2018,,007-18-005,(262) 560-5320,105,,"International Union, United Automobile, Aerospace and Agricultural Implement Workers of America, UAW Local No. 12"
Warren/Trumbull,Lordstown Seating Systems (MAGNA),Revised 10/16/2018,2/25/2019,,018-18-023,(330)824-3101,,,UAW 1112
Maple Heights/Cuyahoga,"HSN Improvements, LLC/HSN Catalog Services, Inc.",8/1/2018,10/2/2018,,003-18-004,(216) 865-3203,53,,None
Glenwillow/Cuyahoga,TTI Floor Care North America,7/27/2018,9/25/2018,,003-18-003,(704) 401-9845,75,,None
Mount Vernon/Knox,Siemens,7/26/2018,9/28/2018,,007-18-002,(740) 398-7934,134,,International Association of Machinist and Aerospace Workers Local Lodge 90
Columbus/Franklin,PNC Bank Customer Care Center,7/3/2018,09/14/2018 - 11/16/2018,,011-18-001,(412) 762-4559,96,,None
Zanesville/Muskingum,Anchor Glass Container,6/26/2018,08/31/2018- 10/15/2018,,007-17-082,(813) 882-7888,70,,"United Steel, Paper and Forestry, Rubber, Manufacturing, Energy, Allied Industrial and Service Workers International Union, AFL- CIO, CLC (""USW"")"
Groveport/Franklin,DHL Supply Chain,6/19/2018,7/14/2018,,011-17-081,(614) 622-7222,260,,None
Statewide,Toys R Us / Babies R Us,6/11/2018,6/30/2018,,011-17-080,(973) 617-5293,1178,,None
Miamisburg/Montgomery,Teradata Corporation,6/6/2018,12/31/2018- 12/31/2019,,007-17-079,(858) 485-2573,267,,None
Westlake/Cuyahoga,"JTEKT North America Corporation / Koyo Bearings North America, LLC",6/5/2018,07/27/2018- 08/10/2018,,003-17-078,(864) 770-2268,47,,None
Columbus/Franklin,GC Services LP,6/5/2018,8/2/2018,,011-17-077,(865) 686-7426,123,,None
Hamilton/Butler,"OPW Fueling Components, LLC",5/30/2018,7/23/2018,,012-17-076,(513) 870-3199,22,,None
Millbury/Wood,Texas Migrant Council (Teaching & Mentoring Communities),5/18/2018,5/17/2018,,007-17-075,(419) 680-6801,8,,None
Middletown/Butler,"Essity Operations Wausau, LLC",5/17/2018,7/16/2018,,012-17-074,(513) 217-3622,60,,USW Local 1-112
Columbus/Franklin,"Allpro Parking Ohio, LLC",Revised - 05/18/2018,11/15/2018,,011-18-010,(877) 776-7275,,,None
Bedford/Cuyahoga,US Bank,5/10/2018,7/9/2018,,003-17-073,(708) 583-2608,260,,None
Cleveland/Cuyahoga,"Philips Medical Systems, Inc.",4/30/2018,06/29/2018- 03/29/2019,,003-17-072,(440) 483-2124,95,,None
Dayton/Montgomery,"The Children's Group, LLC",Revised - 12/20/2018,12/21/2018- 02/28/2019,,007-18-008,(540) 948-7270,,,None
Bexley/Franklin,"Aramark Campus Services, LLC - Capital University",4/24/2018,05/06/2018- 07/31/2018,,011-17-071,(215) 200-8681,75,,None
Austintown/Mahoning,Comprehensive Logistics Inc,4/24/2018,6/15/2018,,017-17-070,(330) 793-8097,Unknown,,None
Warren/Trumbull,General Motors LLC,4/18/2018,6/18/2018,,018-17-069,(330) 824-5810,1500,,UAW 1112
Warren/Trumbull,Lordstown Seating Systems,4/17/2018,6/18/2018,,018-17-068,(330) 824-3101,83,,UAW 1112
Blue Ash/Hamilton,"EBTH, Inc.",4/10/2018,6/10/2018,,013-17-067,(513) 802-9287,203,,None
Columbus/Franklin,Express Scripts,4/10/2018,6/10/2018,,011-17-066,(303) 748-2400,456,,None
Dayton/Montgomery,Elder-Beerman & Bon-Ton Fulfillment Center (The Bon- Ton Stores Inc),4/6/2018,6/5/2018,,007-17-065,(414) 212-6741,122,,None
West Jefferson/Madison,Radial South L.P.,12/12/2018,02/04/2019- 02/18/2019,,011-18-021,(859) 360-8019,330,,None
Aberdeen/Brown,"AES Ohio Generation, LLC (Dayton Power & Light)",3/21/2018,6/1/2018,,001-17-064,(317) 261-8423,281,,Utility Workers Union of America Local 175
Manchester/Adams,G6 Hospitality LLC (Motel 6 Contact Center),11/9/2018,1/7/2019,,011-18-019,(972) 360-5749,89,,None
Fairfield/Butler,"CompuCom Systems, Inc.",3/14/2018,5/15/2018,,012-17-063,(972) 856-8627,61,,None
Columbus/Franklin,Bobby Layman Chevrolet,2/28/2018,Unknown,,011-17-062,(614) 272-3181,103,,None
Cleveland/Cuyahoga,"Philips Medical Systems, Inc.",02/26/2018,4/20/2018,,003-17-061,(440) 483-2124,65,,None
Cleveland/Cuyahoga,The Cold Heading Co.,2/23/2018,6/30/2018,,003-17-060,(586) 497-7541,52,,None
Zanesville/Muskingum,Cardinal Health,2/20/2018,4/20/2018,,007-17-059,(614) 553-4987,101,,None
Independence/Cuyahoga,"Personal Touch Home Care of Ohio, Inc.",2/14/2018,4/20/2018,,012-17-058,(718) 468-4747,70,,None
Wooster/Wayne,The Cottages of Clayton,10/10/2018,None,,007-18-013,(270) 313-1376,21,,None
Fairfield/Butler,Verizon Wireless,10/9/2018,11/17/2018,,011-18-012,(614) 634-1959,129,,None
Eaton/Preble,MPP,10/2/2018,12/1/2018,,003-18-011,(317) 669-1928,37,,None
Toledo/Lucas,FCA US LLC,2/12/2018,04/13/2018- 06/08/2018,,009-17-057,(419) 727-7279,852,,UAW Local 12
Toledo/Lucas,KUKA Toledo Production Operations,2/12/2018,4/13/2018,,009-17-056,(419) 727-5519,346,,UAW Local 12
Dayton/Montgomery,Dayton Power & Light,2/12/2018,4/8/2018,,007-17-055,(317) 261-8423,56,,None
Defiance/Defiance,Elder-Beerman (The Bon Ton Stores),2/2/2018,Unknown,,007-17-054,(864) 586-4105,41,,None
Cleveland/Cuyahoga,"Ritrama, Inc.",2/2/2018,04/02/2018- 04/16/2018,,003-17-053,(815) 654-6840,48,,None
Akron/Summit,Meggitt Aircraft Braking Systems Corporation,2/2/2018,3/30/2018,,002-17-052,(330) 796-3582,5,,"International Union, United Automobile, Aerospace & Agricultural Implement Workers of America, U.A.W. and Amalgamated Local Union No. 856"
West Chester/Butler,Compass Group USA,2/1/2018,4/1/2018,,012-17-051,(513) 518-2947,14,,"International Union, United Automobile, Aerospace & Agricultural Implement Workers of America, U.A.W and its Amalgamated Local Union No. 856"
Toledo/Lucas,"Toledo Molding & Die, Inc.",1/30/2018,4/2/2018,,009-17-050,(419) 720-3520,120,,UAW Local 12
Brecksville/Cuyahoga,Rambus Inc.,1/30/2018,02/05/2018- 07/06/2018,,003-17-049,(408) 462-8000,52,,None
Toledo/Lucas,Mobis North America LLC,1/25/2018,04/7/2018- 04/01/2019,,009-17-048,(419) 409-3853,572,,UAW Local 12
Cambridge/Guernsey,Kmart Store 03555,1/19/2018,4/8/2018,,007-17-047,(630) 364-9036,88,,None
Hamilton/Butler,Dover Business Services,1/17/2018,04/20/2018- 06/01/2018,,012-17-046,(630) 743-5095,48,,None
Lima/Allen,DHL Supply Chain,01/17/2018,3/12/2018,,007-17-045,(419) 979-2725,229,,None
Cincinnati/Hamilton,Sam's Club 8131,1/11/2018,03/16/2018- 04/13/2018,,013-17-044,(937) 356-6148,143,,None
Loveland/Clermont,Sam's Club 6544,1/11/2018,03/16/2018- 04/13/2018,,012-17-043,(937) 356-6148,142,,None
Cincinnati/Hamilton,Macy's,1/10/2018,03/18/2018- 03/31/2018,,013-17-042,(646) 787-4816,104,,None
Warren/Trumbull,Kmart Store 04939,1/10/2018,4/8/2018,,018-17-041,(630) 364-9036,133,,None
Massillon/Stark,Doctor's Hospital Physician Services,1/5/2018,3/7/2018,,006-17-040,(330) 837-6860,116,,None
Massillon/Stark,Affinity Medical Center,01/05/2018,3/6/2018,,006-17-039,(330) 837-6860,692,,National Nurses Organizing Committee
Fremont/Sandusky,"Fremont Plastic Products, Inc.",1/4/2018,3/5/2018,,007-17-038,(630) 325-1210,185,,"United Steelworkers Local Union No. 1915-13, AFL-CIO, CLC"
Canton/Stark,Union Metal Corporation,12/20/2017,12/11/2017,,006-17-037,(330) 458-5231,339,,USW 9094
Newark/Licking,Licking County Transit Operation,12/18/2017,1/1/2018,,007-17-036,(843) 718-9897,48,,None
Aurora/Portage,"Technical Consumer Products, Inc.",12/15/2017,2/11/2018,,019-17-035,(330) 995-1333,34,,None
Springdale/Hamilton,"New Avon, LLC",12/5/2017,02/05/2018- 03/30/2018,,013-17-034,(212) 282-6121,55,,None
Fostoria/Seneca,Fram Group Operations LLC Autolite Spark Plug Plant,12/4/2017,01/31/2018- 07/31/2018,,007-17-033,(419) 436-5643,62,,"United Automobile Workers of America,"
Cleveland/Cuyahoga,Kmart Store 03589,11/15/2017,1/21/2018,,003-17-032,(847) 286-5904,69,,None
Columbus/Franklin,"Quad/Graphics, Inc.",11/15/2017,12/8/2017,,011-17-031,(414) 566-2418,116,,None
Cleveland/Cuyahoga,CGI Federal Inc.,11/15/2017,1/8/2018,,003-17-030,(210) 278-3410,64,,None
Columbus/Franklin,Zenith Education Group,11/8/2017,1/8/2018,,011-17-029,(651) 325-3214,31,,None
Cleveland/Cuyahoga,"Sodexo, Inc",11/2/2017,12/31/2017,,003-17-028,(216) 347-7259,30,,None
Sharon Center/Medina,M and G Polymers USA LLC,9/26/2017,11/20/2017,,002-17-027,(304) 576-4529,Unknown,,None
Middletown/Butler,TMS International LLC,10/31/2017,1/1/2018,,012-17-026,(513) 422-4572,99,,"International Union of Operating Engineers, Laborer's International Union of North America, International"
Miamisburg/Montgomery,X-spine Systems Inc.,10/27/2017,12/02/2017- 02/28/2017,,007-17-025,(937) 847-8400,54,,None
Columbus/Franklin,American Signature Inc.,10/26/2017,12/2/2017,,011-17-024,(614) 449-6132,13,,None
Toledo/Lucas,FCA Transport LLC,10/25/2017,01/02/2018- 02/28/2018,,009-17-023,(313) 252-2564,83,,UAW Local 12
Cleveland/Cuyahoga,HealthSpan Partners,10/24/2017,12/29/2017,,003-17-022,(216) 479-5391,12,,None
Greenville/Darke,Spartech LLC,10/5/2017,12/06/2017- 01/25/2018,,007-17-021,(330) 421-8778,57,,None
Toledo/Lucas,Faurecia Clean Mobility Toledo Customer Center,10/2/2017,12/31/2017,,009-17-020,(812) 764-9716,8,,None
Orrville/Wayne,JLG Industries Manufacturing Operations,9/28/2017,09/30/2017- 12/31/2017,,007-17-019,(717) 494-9028,157,,None
Dayton/Montgomery,Livingston Care Center,9/26/2017,Unknown,,007-17-018,(513) 561-4105,49,,None
Westerville/Franklin,Peoples Bank-National Mortgage Business Division,9/19/2017,10/31/2017,,011-17-017,(913) 239-1760,31,,None
Streetsboro/Portage,Data Cooling Technologies LLC,9/6/2017,9/5/2017,,019-17-016,(330) 954-3807,125,,None
Hubbard/Trumbull,BWAY Corporation,9/5/2017,11/1/2017,,018-17-015,(630) 203-4087,55,,None
Solon/Cuyahoga,Demag Cranes & Components Corp,8/25/2017,10/20/2017- 03/31/2018,,003-17-014,(440) 349-8234,91,,Teamsters Union Local No. 293
Carrollton/Carroll,dlhBOWLES,8/9/2017,Unknown,,016-17-013,(410) 381-0400,94,,None
Brooklyn/Cuyahoga,New York Community Bancorp Inc.,7/31/2017,9/29/2017,,003-17-012,(216) 588-7116,14,,None
Cleveland/Cuyahoga,New York Community Bancorp Inc.,7/31/2017,9/29/2017,,003-17-011,(216) 588-7116,210,,None
Centerville/Montgomery,MCM Electronics Inc,7/28/2017,9/30/2017,,007-17-010,(773) 907-5960,93,,None
Springboro/Warren,Union Metal Corporation,12/20/2017,12/11/2017,,006-17-037,(330) 458-5231,,,USW 9094
Beachwood/Cuyahoga,Maggiano's Little Italy,7/27/2017,9/27/2017,,003-17-009,(972) 770-7256,123,,None
Mansfield/Richland,Kindred Hospital Central Ohio,7/27/2017,9/30/2017,,010-17-008,(773) 279-2680,111,,None
Englewood/Montgomery,DHL Supply Chain,7/18/2017,9/18/2017,,007-17-007,(419) 979-2725,85,,None
Toledo/Lucas,Kmart Store 03302,7/17/2017,9/24/2017,,009-17-006,(847) 286-5904,76,,None
Dayton/Greene,Kmart Store 04179,7/17/2017,9/24/2017,,007-17-005,(847) 286-5904,73,,None
Maumee/Lucas,"The Andersons Inc. Mower Center, Retail Group",7/14/2017,09/12/2017- 09/27/2017,,009-17-004,(419) 891-6665,28,,None
Cincinnati/Hamilton,Parker Hannifin Industrial Gas Filtration Generation Division,7/13/2017,9/30/2017,,013-17-003,(216) 896-3258,62,,None
Sidney/Shelby,Formed Fiber Technologies,7/11/2017,9/29/2017,,007-17-002,(207) 784-1145,27,,None
Franklin/Warren,Cox Media Group Ohio,7/7/2017,9/29/2017,,012-17-001,(937) 225-0502,128,,Local 128-N
Cleveland/Cuyahoga,HealthSpan Partners,6/27/2017,8/25/2017,,003-16-105,(216) 372-4259,2,,None
Alliance/Stark,"T and W Forge, LLC",6/13/2017,09/15/2017- 09/29/2017,,006-16-104,(216) 310-5296,37,,"Local 1603 of the Brotherhood of Boilermakers, Iron Ship Builders, Blacksmiths,"
Orrville/Wayne,JLG Industries,6/9/2017,08/13/2017- 08/25/2017,,007-16-103,(717) 494-9028,110,,None
Salem/Columbiana,Quaker Manufacturing Corp.,6/9/2017,6/20/2017,,017-16-102,(330) 332-4631,115,,None
Springfield/Clark,Navistar Inc,6/1/2017,08/01/2017- 09/29/2017,,007-16-101,(937) 390-2831,81,,United Auto Workers 402 and 658
Sharonville/Hamilton,Kelloggs,5/26/2017,07/29/2017- 08/11/2017,,013-16-100,(269) 961-6713,248,,Teamsters Local 114
Richmond Heights/Cuyahoga,JCPenney,5/25/2017,7/31/2017,,003-16-099,(440) 449-3800,117,,None
West Chester/Butler,TradeGlobal,5/24/2017,7/24/2017,,012-16-098,(513) 341-2741,112,,None
Springboro/Warren,Robert Bosch Battery Systems LLC,5/23/2017,7/31/2017,,012-16-097,(248) 876- 2381,88,,Local IUE-CWA 755
Mansfield/Richland,Hyundai Ideal Electric Company,5/18/2017,7/12/2017,,010-16-096,(419) 522-3611,16,,USW 8530
Bellefontaine/Logan,The PIC Group,5/16/2017,05/15/2017- 05/22/2017,,007-16-095,(586) 532-9001,71,,None
Cleveland/Cuyahoga,Sodexo,5/8/2017,6/30/2017,,003-16-094,(989) 954-5306,383,,None
Springdale/Hamilton,McSwain,5/5/2017,05/04/2017- 06/30/2017,,013-16-093,(513) 619-1211,34,,None
West Chester/Hamilton,Demag Cranes & Components Corp,8/25/2017,10/20/2017- 03/31/2018,,003-17-014,(440) 349-8234,31,,Teamsters Union Local No. 293
Columbus/Franklin,Citigroup,4/24/2017,5/29/2017,,011-16-092,(469) 220-4363,94,,None
Sidney/Shelby,ConForm Automotive,4/21/2017,6/30/2017,,007-16-091,(207) 784-1145,49,,None
Circleville/Pickaway,General Electric (GE Lighting),4/11/2017,05/29/2017- 08/14/2017,,020-16-090,Unknown,148,,None
Stow/Summit,Evant Inc,4/3/2017,5/31/2017,,002-16-089,(330) 920-1517,198,,"International Chemical Workers Union Council of UFCW, Local 1020C"
Whitehall/Franklin,Dollar Express,4/3/2017,6/30/2017,,011-16-088,(980) 500-9145,9,,None
Toledo/Lucas,Dollar Express,4/3/2017,6/30/2017,,009-16-087,(980) 500-9145,17,,None
Cincinnati/Hamilton,Dollar Express,4/3/2017,6/30/2017,,013-16-086,(980) 500-9145,40,,None
Columbus/Franklin,Dollar Express,4/3/2017,6/30/2017,,011-16-085,(980) 500-9145,23,,None
East Cleveland/Cuyahoga,Dollar Express,4/3/2017,6/30/2017,,003-16-084,(980) 500-9145,11,,None
Akron/Summit,Dollar Express,4/3/2017,6/30/2017,,002-16-083,(980) 500-9145,13,,None
Canton/Stark,Dollar Express,4/3/2017,6/30/2017,,006-16-082,(980) 500-9145,12,,None
Milford/Clermont,Dollar Express,4/3/2017,6/30/2017,,012-16-081,(980) 500-9145,5,,None
St. Bernard/Hamilton,Dollar Express,4/3/2017,6/30/2017,,013-16-080,(980) 500-9145,7,,None
Cleveland/Cuyahoga,Dollar Express,4/3/2017,6/30/2017,,003-16-079,(980) 500-9145,44,,None
Elyria/Lorain,3M Company,3/29/2017,05/31/2017- 08/31/2017,,004-16-078,(440) 323-6161,136,,"Workers United Union, Local 1406T"
Newcomerstown/Tuscarawas,Caito Food Company,3/16/2017,5/15/2017,,006-16-077,(317) 897-2009,62,,Unknown
Huber Heights/Montgomery,Ohio Department of Developmental Disabilities (DODD),3/16/2017,6/30/2017,,007-16-076,(614) 466-9950,103,,Unknown
Mineral Ridge/Trumbull,American Signature Inc.,10/26/2017,12/2/2017,,011-17-024,(614) 449-6132,111,,None
Hilliard/Franklin,Southern Theatres LLC,3/6/2017,04/08/2017- 04/20/2017,,011-16-075,(504) 273-7806,85,,None
Powell/Delaware,Cempra Pharmaceuticals,3/2/2017,3/1/2017,,007-16-074,(919) 525-1986,1,,None
Wilmington/Clinton,Global Flight Source Inc,2/27/2017,4/30/2017,,007-16-073,(937) 366-2283,2,,None
Wilmington/Clinton,LGSTX Cargo Services Inc,2/27/2017,4/30/2017,,007-16-072,(937) 366-2283,296,,None
Wilmington/Clinton,LGSTX Services Inc,2/27/2017,4/30/2017,,007-16-071,(937) 366-2283,37,,None
Eastlake/Lake,Enginetics Corporation,2/23/2017,4/23/2017,,005-16-070,(937) 754-3265,28,,None
Toledo/Lucas,Toledo North Assembly Plant,2/10/2017,4/7/2017,,009-16-069,(419) 727-7275,3207,,UAW Local Union 12
Toledo/Lucas,Piston Automotive,2/8/2017,4/7/2017,,009-16-068,(419) 464-0260,52,,UAW Local Union 12
Toledo/Lucas,Toledo Molding and Die,2/8/2017,04/07/2017- 04/15/2017,,009-16-067,(419) 470-3982,30,,UAW Local Union 12
Maumee/Lucas,The Andersons Inc,2/7/2017,04/09/2017- 04/23/2017,,009-16-066,(419) 891-6665,326,,None
Toledo/Lucas,dlhBOWLES,8/9/2017,Unknown,,016-17-013,(410) 381-0400,265,,None
Columbus/Franklin,New York Community Bancorp Inc.,7/31/2017,9/29/2017,,003-17-012,(216) 588-7116,363,,None
West Tuscarawas/Stark,Downtown Ford Lincoln,2/3/2017,1/31/2017,,006-16-065,(419) 727-3388,88,,None
Lewis Center/Delaware,DCB Financial Corp,2/3/2017,4/3/2017,,007-16-064,(724) 463-1790,58,,None
Toledo/Lucas,DHL Supply Chain,2/2/2017,4/7/2017,,009-16-063,(330) 456-2781,277,,United Auto Workers &
Columbus/Franklin,Boehringer Ingelheim Pharmaceuticals,2/1/2017,7/3/2017,,011-16-062,(614) 527-5440,28,,None
Warren/Trumbull,Penske Vehicle Services,1/31/2017,4/1/2017,,018-16-061,(586) 268-3164,2,,None
Painesville/Lake,STP Products Manufacturing Company,1/30/2017,04/30/2017- 07/05/2017,,005-16-060,(203) 205-2924,58,,None
Brecksville/Cuyahoga,Narrowband Repair Center,1/30/2017,3/28/2017,,003-16-059,(214) 934-0087,51,,"Communications Workers of America,"
Union/Montgomery,Impact Fulfillment Services,01/30/201 7,3/31/2017,,007-16-058,(336) 706-6373,167,,None
Northwood/Wood,Yanfeng,1/24/2017,4/7/2017,,007-16-057,(419) 662-4916,185,,UAW Local 12
Akron/Summit,Sears Auto #6520,1/18/2017,3/19/2017,,002-16-056,(706) 342-6970,9,,Unknown
Richmond Heights/Cuyahoga,Sears #1530,1/18/2017,3/26/2017,,003-16-055,(706) 342-6970,92,,Unknown
Richmond Heights/Cuyahoga,Sears Auto #6532,1/18/2017,3/26/2017,,003-16-054,(706) 342-6970,6,,Unknown
Akron/Summit,Sears #1520,1/18/2017,3/19/2017,,002-16-053,(706) 342-6970,71,,Unknown
Maumee/Lucas,The Andersons Inc. Retail Distribution Center,1/17/2017,03/18/2017- 04/01/2017,,009-16-052,(419) 891-6665,42,,Unknown
Groveport/Franklin,Xerox Corporation(Groveport Central Product Distribution Center),1/9/2017,3/9/2017,,011-16-051,(513) 539-4815,55,,"Workers United, Local 2675"
